[
{
  "model": "admin.logentry",
  "pk": 1,
  "fields": {
    "action_time": "2025-07-24T19:35:46.165Z",
    "user": 1,
    "content_type": 7,
    "object_id": "1",
    "object_repr": "Funko Pop Marvel Spider-Man Miles Morales Advanced Tech Suit 772",
    "action_flag": 1,
    "change_message": "[{\"added\": {}}]"
  }
},
{
  "model": "admin.logentry",
  "pk": 2,
  "fields": {
    "action_time": "2025-07-24T19:40:34.947Z",
    "user": 1,
    "content_type": 7,
    "object_id": "2",
    "object_repr": "teste",
    "action_flag": 1,
    "change_message": "[{\"added\": {}}]"
  }
},
{
  "model": "admin.logentry",
  "pk": 3,
  "fields": {
    "action_time": "2025-07-24T19:41:05.712Z",
    "user": 1,
    "content_type": 7,
    "object_id": "3",
    "object_repr": "cgui",
    "action_flag": 1,
    "change_message": "[{\"added\": {}}]"
  }
},
{
  "model": "admin.logentry",
  "pk": 4,
  "fields": {
    "action_time": "2025-07-24T19:41:32.412Z",
    "user": 1,
    "content_type": 7,
    "object_id": "4",
    "object_repr": "asdfas",
    "action_flag": 1,
    "change_message": "[{\"added\": {}}]"
  }
},
{
  "model": "admin.logentry",
  "pk": 5,
  "fields": {
    "action_time": "2025-07-24T19:41:49.634Z",
    "user": 1,
    "content_type": 7,
    "object_id": "5",
    "object_repr": "dsjak",
    "action_flag": 1,
    "change_message": "[{\"added\": {}}]"
  }
},
{
  "model": "admin.logentry",
  "pk": 6,
  "fields": {
    "action_time": "2025-07-24T19:42:24.205Z",
    "user": 1,
    "content_type": 7,
    "object_id": "6",
    "object_repr": "sasad",
    "action_flag": 1,
    "change_message": "[{\"added\": {}}]"
  }
},
{
  "model": "admin.logentry",
  "pk": 7,
  "fields": {
    "action_time": "2025-07-24T19:43:23.622Z",
    "user": 1,
    "content_type": 7,
    "object_id": "7",
    "object_repr": "dfdsafd",
    "action_flag": 1,
    "change_message": "[{\"added\": {}}]"
  }
},
{
  "model": "admin.logentry",
  "pk": 8,
  "fields": {
    "action_time": "2025-07-24T19:43:53.735Z",
    "user": 1,
    "content_type": 7,
    "object_id": "8",
    "object_repr": "sdaas",
    "action_flag": 1,
    "change_message": "[{\"added\": {}}]"
  }
},
{
  "model": "admin.logentry",
  "pk": 9,
  "fields": {
    "action_time": "2025-07-24T19:44:05.008Z",
    "user": 1,
    "content_type": 7,
    "object_id": "9",
    "object_repr": "2231",
    "action_flag": 1,
    "change_message": "[{\"added\": {}}]"
  }
},
{
  "model": "admin.logentry",
  "pk": 10,
  "fields": {
    "action_time": "2025-07-24T19:45:47.272Z",
    "user": 1,
    "content_type": 7,
    "object_id": "10",
    "object_repr": "34",
    "action_flag": 1,
    "change_message": "[{\"added\": {}}]"
  }
},
{
  "model": "admin.logentry",
  "pk": 11,
  "fields": {
    "action_time": "2025-07-24T19:45:58.650Z",
    "user": 1,
    "content_type": 7,
    "object_id": "11",
    "object_repr": "432",
    "action_flag": 1,
    "change_message": "[{\"added\": {}}]"
  }
},
{
  "model": "admin.logentry",
  "pk": 12,
  "fields": {
    "action_time": "2025-07-24T19:46:08.299Z",
    "user": 1,
    "content_type": 7,
    "object_id": "12",
    "object_repr": "3455",
    "action_flag": 1,
    "change_message": "[{\"added\": {}}]"
  }
},
{
  "model": "admin.logentry",
  "pk": 13,
  "fields": {
    "action_time": "2025-07-24T19:49:26.704Z",
    "user": 1,
    "content_type": 7,
    "object_id": "2",
    "object_repr": "teste",
    "action_flag": 3,
    "change_message": ""
  }
},
{
  "model": "admin.logentry",
  "pk": 14,
  "fields": {
    "action_time": "2025-07-24T19:49:26.704Z",
    "user": 1,
    "content_type": 7,
    "object_id": "1",
    "object_repr": "Funko Pop Marvel Spider-Man Miles Morales Advanced Tech Suit 772",
    "action_flag": 3,
    "change_message": ""
  }
},
{
  "model": "admin.logentry",
  "pk": 15,
  "fields": {
    "action_time": "2025-07-24T20:17:45.459Z",
    "user": 1,
    "content_type": 7,
    "object_id": "12",
    "object_repr": "3455",
    "action_flag": 3,
    "change_message": ""
  }
},
{
  "model": "admin.logentry",
  "pk": 16,
  "fields": {
    "action_time": "2025-07-24T20:17:45.459Z",
    "user": 1,
    "content_type": 7,
    "object_id": "11",
    "object_repr": "432",
    "action_flag": 3,
    "change_message": ""
  }
},
{
  "model": "admin.logentry",
  "pk": 17,
  "fields": {
    "action_time": "2025-07-24T20:17:45.459Z",
    "user": 1,
    "content_type": 7,
    "object_id": "10",
    "object_repr": "34",
    "action_flag": 3,
    "change_message": ""
  }
},
{
  "model": "admin.logentry",
  "pk": 18,
  "fields": {
    "action_time": "2025-07-24T20:17:45.459Z",
    "user": 1,
    "content_type": 7,
    "object_id": "9",
    "object_repr": "2231",
    "action_flag": 3,
    "change_message": ""
  }
},
{
  "model": "admin.logentry",
  "pk": 19,
  "fields": {
    "action_time": "2025-07-24T20:17:45.459Z",
    "user": 1,
    "content_type": 7,
    "object_id": "8",
    "object_repr": "sdaas",
    "action_flag": 3,
    "change_message": ""
  }
},
{
  "model": "admin.logentry",
  "pk": 20,
  "fields": {
    "action_time": "2025-07-24T20:17:45.459Z",
    "user": 1,
    "content_type": 7,
    "object_id": "7",
    "object_repr": "dfdsafd",
    "action_flag": 3,
    "change_message": ""
  }
},
{
  "model": "admin.logentry",
  "pk": 21,
  "fields": {
    "action_time": "2025-07-24T20:17:45.459Z",
    "user": 1,
    "content_type": 7,
    "object_id": "6",
    "object_repr": "sasad",
    "action_flag": 3,
    "change_message": ""
  }
},
{
  "model": "admin.logentry",
  "pk": 22,
  "fields": {
    "action_time": "2025-07-24T20:17:45.459Z",
    "user": 1,
    "content_type": 7,
    "object_id": "5",
    "object_repr": "dsjak",
    "action_flag": 3,
    "change_message": ""
  }
},
{
  "model": "admin.logentry",
  "pk": 23,
  "fields": {
    "action_time": "2025-07-24T20:17:45.459Z",
    "user": 1,
    "content_type": 7,
    "object_id": "4",
    "object_repr": "asdfas",
    "action_flag": 3,
    "change_message": ""
  }
},
{
  "model": "admin.logentry",
  "pk": 24,
  "fields": {
    "action_time": "2025-07-24T20:17:45.459Z",
    "user": 1,
    "content_type": 7,
    "object_id": "3",
    "object_repr": "cgui",
    "action_flag": 3,
    "change_message": ""
  }
},
{
  "model": "admin.logentry",
  "pk": 25,
  "fields": {
    "action_time": "2025-07-24T20:19:25.103Z",
    "user": 1,
    "content_type": 7,
    "object_id": "13",
    "object_repr": "teste",
    "action_flag": 1,
    "change_message": "[{\"added\": {}}, {\"added\": {\"name\": \"imagem produto\", \"object\": \"Imagem extra de teste\"}}]"
  }
},
{
  "model": "admin.logentry",
  "pk": 26,
  "fields": {
    "action_time": "2025-07-24T20:34:08.068Z",
    "user": 1,
    "content_type": 7,
    "object_id": "14",
    "object_repr": "hjdksadf",
    "action_flag": 1,
    "change_message": "[{\"added\": {}}, {\"added\": {\"name\": \"imagem produto\", \"object\": \"Imagem extra de hjdksadf\"}}, {\"added\": {\"name\": \"imagem produto\", \"object\": \"Imagem extra de hjdksadf\"}}, {\"added\": {\"name\": \"imagem produto\", \"object\": \"Imagem extra de hjdksadf\"}}]"
  }
},
{
  "model": "admin.logentry",
  "pk": 27,
  "fields": {
    "action_time": "2025-08-04T18:25:20.600Z",
    "user": 1,
    "content_type": 7,
    "object_id": "15",
    "object_repr": "ujidklsof;sd",
    "action_flag": 1,
    "change_message": "[{\"added\": {}}, {\"added\": {\"name\": \"imagem produto\", \"object\": \"Imagem extra de ujidklsof;sd\"}}, {\"added\": {\"name\": \"imagem produto\", \"object\": \"Imagem extra de ujidklsof;sd\"}}]"
  }
},
{
  "model": "admin.logentry",
  "pk": 28,
  "fields": {
    "action_time": "2025-08-04T18:31:48.465Z",
    "user": 1,
    "content_type": 7,
    "object_id": "16",
    "object_repr": "jogos",
    "action_flag": 1,
    "change_message": "[{\"added\": {}}, {\"added\": {\"name\": \"imagem produto\", \"object\": \"Imagem extra de jogos\"}}, {\"added\": {\"name\": \"imagem produto\", \"object\": \"Imagem extra de jogos\"}}, {\"added\": {\"name\": \"imagem produto\", \"object\": \"Imagem extra de jogos\"}}, {\"added\": {\"name\": \"imagem produto\", \"object\": \"Imagem extra de jogos\"}}]"
  }
},
{
  "model": "admin.logentry",
  "pk": 29,
  "fields": {
    "action_time": "2025-08-05T18:37:53.226Z",
    "user": 1,
    "content_type": 7,
    "object_id": "17",
    "object_repr": "boneco",
    "action_flag": 1,
    "change_message": "[{\"added\": {}}, {\"added\": {\"name\": \"imagem produto\", \"object\": \"Imagem extra de boneco\"}}, {\"added\": {\"name\": \"imagem produto\", \"object\": \"Imagem extra de boneco\"}}, {\"added\": {\"name\": \"imagem produto\", \"object\": \"Imagem extra de boneco\"}}]"
  }
},
{
  "model": "admin.logentry",
  "pk": 30,
  "fields": {
    "action_time": "2025-08-07T17:56:05.516Z",
    "user": 1,
    "content_type": 7,
    "object_id": "17",
    "object_repr": "boneco",
    "action_flag": 2,
    "change_message": "[{\"changed\": {\"fields\": [\"Marca\"]}}]"
  }
},
{
  "model": "admin.logentry",
  "pk": 31,
  "fields": {
    "action_time": "2025-08-07T18:48:19.474Z",
    "user": 1,
    "content_type": 7,
    "object_id": "18",
    "object_repr": "testebh",
    "action_flag": 1,
    "change_message": "[{\"added\": {}}]"
  }
},
{
  "model": "admin.logentry",
  "pk": 32,
  "fields": {
    "action_time": "2025-08-07T18:49:27.821Z",
    "user": 1,
    "content_type": 9,
    "object_id": "1",
    "object_repr": "vestimenta",
    "action_flag": 1,
    "change_message": "[{\"added\": {}}]"
  }
},
{
  "model": "admin.logentry",
  "pk": 33,
  "fields": {
    "action_time": "2025-08-07T18:49:40.989Z",
    "user": 1,
    "content_type": 7,
    "object_id": "18",
    "object_repr": "testebh",
    "action_flag": 2,
    "change_message": "[{\"changed\": {\"fields\": [\"Categoria\"]}}]"
  }
},
{
  "model": "admin.logentry",
  "pk": 34,
  "fields": {
    "action_time": "2025-08-07T18:50:30.438Z",
    "user": 1,
    "content_type": 7,
    "object_id": "18",
    "object_repr": "testebh",
    "action_flag": 2,
    "change_message": "[{\"changed\": {\"fields\": [\"Marca\"]}}]"
  }
},
{
  "model": "admin.logentry",
  "pk": 35,
  "fields": {
    "action_time": "2025-08-07T18:59:01.928Z",
    "user": 1,
    "content_type": 7,
    "object_id": "13",
    "object_repr": "teste",
    "action_flag": 2,
    "change_message": "[{\"changed\": {\"fields\": [\"Marca\"]}}]"
  }
},
{
  "model": "admin.logentry",
  "pk": 36,
  "fields": {
    "action_time": "2025-08-11T18:49:03.448Z",
    "user": 1,
    "content_type": 7,
    "object_id": "14",
    "object_repr": "hjdksadf",
    "action_flag": 2,
    "change_message": "[{\"changed\": {\"fields\": [\"Marca\", \"Categoria\"]}}]"
  }
},
{
  "model": "admin.logentry",
  "pk": 37,
  "fields": {
    "action_time": "2025-08-11T18:49:11.990Z",
    "user": 1,
    "content_type": 7,
    "object_id": "16",
    "object_repr": "jogos",
    "action_flag": 2,
    "change_message": "[{\"changed\": {\"fields\": [\"Marca\"]}}]"
  }
},
{
  "model": "admin.logentry",
  "pk": 38,
  "fields": {
    "action_time": "2025-08-11T19:48:45.509Z",
    "user": 1,
    "content_type": 7,
    "object_id": "18",
    "object_repr": "testebh",
    "action_flag": 3,
    "change_message": ""
  }
},
{
  "model": "admin.logentry",
  "pk": 39,
  "fields": {
    "action_time": "2025-08-11T19:48:45.510Z",
    "user": 1,
    "content_type": 7,
    "object_id": "17",
    "object_repr": "boneco",
    "action_flag": 3,
    "change_message": ""
  }
},
{
  "model": "admin.logentry",
  "pk": 40,
  "fields": {
    "action_time": "2025-08-11T19:48:45.510Z",
    "user": 1,
    "content_type": 7,
    "object_id": "16",
    "object_repr": "jogos",
    "action_flag": 3,
    "change_message": ""
  }
},
{
  "model": "admin.logentry",
  "pk": 41,
  "fields": {
    "action_time": "2025-08-11T19:48:45.510Z",
    "user": 1,
    "content_type": 7,
    "object_id": "15",
    "object_repr": "ujidklsof;sd",
    "action_flag": 3,
    "change_message": ""
  }
},
{
  "model": "admin.logentry",
  "pk": 42,
  "fields": {
    "action_time": "2025-08-11T19:48:45.510Z",
    "user": 1,
    "content_type": 7,
    "object_id": "14",
    "object_repr": "hjdksadf",
    "action_flag": 3,
    "change_message": ""
  }
},
{
  "model": "admin.logentry",
  "pk": 43,
  "fields": {
    "action_time": "2025-08-11T19:48:45.510Z",
    "user": 1,
    "content_type": 7,
    "object_id": "13",
    "object_repr": "teste",
    "action_flag": 3,
    "change_message": ""
  }
},
{
  "model": "admin.logentry",
  "pk": 44,
  "fields": {
    "action_time": "2025-08-11T19:53:04.535Z",
    "user": 1,
    "content_type": 7,
    "object_id": "19",
    "object_repr": "Pop Lilo e Stitch sorrindo sentados bonecos de vinil Stitch",
    "action_flag": 1,
    "change_message": "[{\"added\": {}}]"
  }
},
{
  "model": "admin.logentry",
  "pk": 45,
  "fields": {
    "action_time": "2025-08-11T20:23:57.532Z",
    "user": 1,
    "content_type": 7,
    "object_id": "20",
    "object_repr": "Funko Pop! PlayStation - Kratos com as LÔminas do Caos (#154) - ColeþÒo God of War",
    "action_flag": 1,
    "change_message": "[{\"added\": {}}]"
  }
},
{
  "model": "admin.logentry",
  "pk": 46,
  "fields": {
    "action_time": "2025-08-11T20:25:54.509Z",
    "user": 1,
    "content_type": 7,
    "object_id": "21",
    "object_repr": "Funko Pop! Disney Princesas - Rapunzel (#Boneco Colecionßvel)",
    "action_flag": 1,
    "change_message": "[{\"added\": {}}]"
  }
},
{
  "model": "admin.logentry",
  "pk": 47,
  "fields": {
    "action_time": "2025-08-11T20:27:59.883Z",
    "user": 1,
    "content_type": 7,
    "object_id": "22",
    "object_repr": "Funko Pop! Avengers: Mecha - CapitÒ Marvel (#831) | ColeþÒo Marvel",
    "action_flag": 1,
    "change_message": "[{\"added\": {}}]"
  }
},
{
  "model": "admin.logentry",
  "pk": 48,
  "fields": {
    "action_time": "2025-08-11T20:37:57.633Z",
    "user": 1,
    "content_type": 7,
    "object_id": "22",
    "object_repr": "Funko Pop! Avengers: Mecha - CapitÒ Marvel (#831) | ColeþÒo Marvel",
    "action_flag": 2,
    "change_message": "[{\"added\": {\"name\": \"imagem produto\", \"object\": \"Imagem extra de Funko Pop! Avengers: Mecha - Capit\\u00e3 Marvel (#831) | Cole\\u00e7\\u00e3o Marvel\"}}]"
  }
},
{
  "model": "admin.logentry",
  "pk": 49,
  "fields": {
    "action_time": "2025-08-12T20:42:06.676Z",
    "user": 1,
    "content_type": 9,
    "object_id": "2",
    "object_repr": "Funko",
    "action_flag": 1,
    "change_message": "[{\"added\": {}}]"
  }
},
{
  "model": "admin.logentry",
  "pk": 50,
  "fields": {
    "action_time": "2025-09-26T17:16:13.934Z",
    "user": 3,
    "content_type": 7,
    "object_id": "22",
    "object_repr": "Funko Pop! Avengers: Mecha - CapitÒ Marvel (#831) | ColeþÒo Marvel",
    "action_flag": 3,
    "change_message": ""
  }
},
{
  "model": "admin.logentry",
  "pk": 51,
  "fields": {
    "action_time": "2025-09-26T17:16:13.934Z",
    "user": 3,
    "content_type": 7,
    "object_id": "21",
    "object_repr": "Funko Pop! Disney Princesas - Rapunzel (#Boneco Colecionßvel)",
    "action_flag": 3,
    "change_message": ""
  }
},
{
  "model": "admin.logentry",
  "pk": 52,
  "fields": {
    "action_time": "2025-09-26T17:16:13.934Z",
    "user": 3,
    "content_type": 7,
    "object_id": "20",
    "object_repr": "Funko Pop! PlayStation - Kratos com as LÔminas do Caos (#154) - ColeþÒo God of War",
    "action_flag": 3,
    "change_message": ""
  }
},
{
  "model": "admin.logentry",
  "pk": 53,
  "fields": {
    "action_time": "2025-09-26T17:16:13.934Z",
    "user": 3,
    "content_type": 7,
    "object_id": "19",
    "object_repr": "Pop Lilo e Stitch sorrindo sentados bonecos de vinil Stitch",
    "action_flag": 3,
    "change_message": ""
  }
},
{
  "model": "admin.logentry",
  "pk": 54,
  "fields": {
    "action_time": "2025-09-29T17:55:11.101Z",
    "user": 3,
    "content_type": 7,
    "object_id": "26",
    "object_repr": "Action Figure Yoda",
    "action_flag": 2,
    "change_message": "[{\"changed\": {\"fields\": [\"Imagem principal\"]}}]"
  }
},
{
  "model": "admin.logentry",
  "pk": 55,
  "fields": {
    "action_time": "2025-09-29T19:28:29.878Z",
    "user": 3,
    "content_type": 7,
    "object_id": "25",
    "object_repr": "Camiseta Marvel Avengers",
    "action_flag": 2,
    "change_message": "[{\"changed\": {\"fields\": [\"Imagem principal\"]}}]"
  }
},
{
  "model": "admin.logentry",
  "pk": 56,
  "fields": {
    "action_time": "2025-10-06T18:18:37.647Z",
    "user": 3,
    "content_type": 7,
    "object_id": "25",
    "object_repr": "Camiseta Marvel Avengers",
    "action_flag": 2,
    "change_message": "[{\"added\": {\"name\": \"imagem produto\", \"object\": \"Imagem extra de Camiseta Marvel Avengers\"}}, {\"added\": {\"name\": \"imagem produto\", \"object\": \"Imagem extra de Camiseta Marvel Avengers\"}}]"
  }
},
{
  "model": "admin.logentry",
  "pk": 57,
  "fields": {
    "action_time": "2025-10-31T19:21:14.309Z",
    "user": 3,
    "content_type": 7,
    "object_id": "26",
    "object_repr": "Action Figure Yoda",
    "action_flag": 2,
    "change_message": "[{\"changed\": {\"fields\": [\"Imagem principal\"]}}, {\"added\": {\"name\": \"imagem produto\", \"object\": \"Imagem extra de Action Figure Yoda\"}}, {\"added\": {\"name\": \"imagem produto\", \"object\": \"Imagem extra de Action Figure Yoda\"}}, {\"added\": {\"name\": \"imagem produto\", \"object\": \"Imagem extra de Action Figure Yoda\"}}]"
  }
},
{
  "model": "admin.logentry",
  "pk": 58,
  "fields": {
    "action_time": "2025-10-31T19:22:14.630Z",
    "user": 3,
    "content_type": 7,
    "object_id": "27",
    "object_repr": "boneco",
    "action_flag": 1,
    "change_message": "[{\"added\": {}}, {\"added\": {\"name\": \"imagem produto\", \"object\": \"Imagem extra de boneco\"}}]"
  }
},
{
  "model": "admin.logentry",
  "pk": 59,
  "fields": {
    "action_time": "2025-10-31T19:22:46.203Z",
    "user": 3,
    "content_type": 7,
    "object_id": "28",
    "object_repr": "sdaas",
    "action_flag": 1,
    "change_message": "[{\"added\": {}}, {\"added\": {\"name\": \"imagem produto\", \"object\": \"Imagem extra de sdaas\"}}]"
  }
},
{
  "model": "admin.logentry",
  "pk": 60,
  "fields": {
    "action_time": "2025-10-31T19:25:00.168Z",
    "user": 3,
    "content_type": 7,
    "object_id": "23",
    "object_repr": "Funko Pop Spider-Man",
    "action_flag": 2,
    "change_message": "[{\"changed\": {\"fields\": [\"Imagem principal\"]}}, {\"added\": {\"name\": \"imagem produto\", \"object\": \"Imagem extra de Funko Pop Spider-Man\"}}, {\"added\": {\"name\": \"imagem produto\", \"object\": \"Imagem extra de Funko Pop Spider-Man\"}}]"
  }
},
{
  "model": "admin.logentry",
  "pk": 61,
  "fields": {
    "action_time": "2025-10-31T19:25:10.311Z",
    "user": 3,
    "content_type": 7,
    "object_id": "24",
    "object_repr": "Funko Pop Darth Vader",
    "action_flag": 2,
    "change_message": "[{\"changed\": {\"fields\": [\"Imagem principal\"]}}, {\"added\": {\"name\": \"imagem produto\", \"object\": \"Imagem extra de Funko Pop Darth Vader\"}}]"
  }
},
{
  "model": "admin.logentry",
  "pk": 62,
  "fields": {
    "action_time": "2025-10-31T19:25:18.860Z",
    "user": 3,
    "content_type": 7,
    "object_id": "25",
    "object_repr": "Camiseta Marvel Avengers",
    "action_flag": 2,
    "change_message": "[]"
  }
},
{
  "model": "admin.logentry",
  "pk": 63,
  "fields": {
    "action_time": "2025-10-31T19:25:40.262Z",
    "user": 3,
    "content_type": 7,
    "object_id": "29",
    "object_repr": "jnklds;fj",
    "action_flag": 1,
    "change_message": "[{\"added\": {}}, {\"added\": {\"name\": \"imagem produto\", \"object\": \"Imagem extra de jnklds;fj\"}}]"
  }
},
{
  "model": "admin.logentry",
  "pk": 64,
  "fields": {
    "action_time": "2025-11-10T16:46:30.318Z",
    "user": 3,
    "content_type": 7,
    "object_id": "29",
    "object_repr": "jnklds;fj",
    "action_flag": 3,
    "change_message": ""
  }
},
{
  "model": "admin.logentry",
  "pk": 65,
  "fields": {
    "action_time": "2025-11-10T16:46:30.318Z",
    "user": 3,
    "content_type": 7,
    "object_id": "28",
    "object_repr": "sdaas",
    "action_flag": 3,
    "change_message": ""
  }
},
{
  "model": "admin.logentry",
  "pk": 66,
  "fields": {
    "action_time": "2025-11-10T16:46:30.318Z",
    "user": 3,
    "content_type": 7,
    "object_id": "27",
    "object_repr": "boneco",
    "action_flag": 3,
    "change_message": ""
  }
},
{
  "model": "admin.logentry",
  "pk": 67,
  "fields": {
    "action_time": "2025-11-10T16:46:30.318Z",
    "user": 3,
    "content_type": 7,
    "object_id": "26",
    "object_repr": "Action Figure Yoda",
    "action_flag": 3,
    "change_message": ""
  }
},
{
  "model": "admin.logentry",
  "pk": 68,
  "fields": {
    "action_time": "2025-11-10T16:46:30.318Z",
    "user": 3,
    "content_type": 7,
    "object_id": "25",
    "object_repr": "Camiseta Marvel Avengers",
    "action_flag": 3,
    "change_message": ""
  }
},
{
  "model": "admin.logentry",
  "pk": 69,
  "fields": {
    "action_time": "2025-11-10T16:46:30.319Z",
    "user": 3,
    "content_type": 7,
    "object_id": "24",
    "object_repr": "Funko Pop Darth Vader",
    "action_flag": 3,
    "change_message": ""
  }
},
{
  "model": "admin.logentry",
  "pk": 70,
  "fields": {
    "action_time": "2025-11-10T16:46:30.319Z",
    "user": 3,
    "content_type": 7,
    "object_id": "23",
    "object_repr": "Funko Pop Spider-Man",
    "action_flag": 3,
    "change_message": ""
  }
},
{
  "model": "admin.logentry",
  "pk": 71,
  "fields": {
    "action_time": "2025-11-10T16:50:47.505Z",
    "user": 3,
    "content_type": 7,
    "object_id": "30",
    "object_repr": "Camiseta Homem-Aranha ôNo Way Webö",
    "action_flag": 1,
    "change_message": "[{\"added\": {}}, {\"added\": {\"name\": \"imagem produto\", \"object\": \"Imagem extra de Camiseta Homem-Aranha \\u201cNo Way Web\\u201d\"}}]"
  }
},
{
  "model": "admin.logentry",
  "pk": 72,
  "fields": {
    "action_time": "2025-11-10T16:51:51.278Z",
    "user": 3,
    "content_type": 7,
    "object_id": "31",
    "object_repr": "Caneca do Iron Man ôArc Reactor Editionö",
    "action_flag": 1,
    "change_message": "[{\"added\": {}}, {\"added\": {\"name\": \"imagem produto\", \"object\": \"Imagem extra de Caneca do Iron Man \\u201cArc Reactor Edition\\u201d\"}}]"
  }
},
{
  "model": "admin.logentry",
  "pk": 73,
  "fields": {
    "action_time": "2025-11-10T16:52:37.192Z",
    "user": 3,
    "content_type": 7,
    "object_id": "32",
    "object_repr": "Action Figure Thor ôStormbreaker Seriesö",
    "action_flag": 1,
    "change_message": "[{\"added\": {}}, {\"added\": {\"name\": \"imagem produto\", \"object\": \"Imagem extra de Action Figure Thor \\u201cStormbreaker Series\\u201d\"}}]"
  }
},
{
  "model": "admin.logentry",
  "pk": 74,
  "fields": {
    "action_time": "2025-11-10T16:54:06.243Z",
    "user": 3,
    "content_type": 7,
    "object_id": "33",
    "object_repr": "Controle DualSense Cosmic Red",
    "action_flag": 1,
    "change_message": "[{\"added\": {}}, {\"added\": {\"name\": \"imagem produto\", \"object\": \"Imagem extra de Controle DualSense Cosmic Red\"}}]"
  }
},
{
  "model": "admin.logentry",
  "pk": 75,
  "fields": {
    "action_time": "2025-11-10T16:54:59.818Z",
    "user": 3,
    "content_type": 7,
    "object_id": "34",
    "object_repr": "Headset Pulse 3D Midnight Black",
    "action_flag": 1,
    "change_message": "[{\"added\": {}}, {\"added\": {\"name\": \"imagem produto\", \"object\": \"Imagem extra de Headset Pulse 3D Midnight Black\"}}]"
  }
},
{
  "model": "admin.logentry",
  "pk": 76,
  "fields": {
    "action_time": "2025-11-10T16:55:44.464Z",
    "user": 3,
    "content_type": 7,
    "object_id": "35",
    "object_repr": "Camiseta PS Icons Legacy",
    "action_flag": 1,
    "change_message": "[{\"added\": {}}, {\"added\": {\"name\": \"imagem produto\", \"object\": \"Imagem extra de Camiseta PS Icons Legacy\"}}]"
  }
},
{
  "model": "admin.logentry",
  "pk": 77,
  "fields": {
    "action_time": "2025-11-10T16:57:15.684Z",
    "user": 3,
    "content_type": 7,
    "object_id": "36",
    "object_repr": "Sabre de Luz Jedi ôSkywalker Blueö",
    "action_flag": 1,
    "change_message": "[{\"added\": {}}, {\"added\": {\"name\": \"imagem produto\", \"object\": \"Imagem extra de Sabre de Luz Jedi \\u201cSkywalker Blue\\u201d\"}}]"
  }
},
{
  "model": "admin.logentry",
  "pk": 78,
  "fields": {
    "action_time": "2025-11-10T16:58:47.602Z",
    "user": 3,
    "content_type": 7,
    "object_id": "37",
    "object_repr": "Camiseta Darth Vader ôJoin the Dark Sideö",
    "action_flag": 1,
    "change_message": "[{\"added\": {}}, {\"added\": {\"name\": \"imagem produto\", \"object\": \"Imagem extra de Camiseta Darth Vader \\u201cJoin the Dark Side\\u201d\"}}]"
  }
},
{
  "model": "admin.logentry",
  "pk": 79,
  "fields": {
    "action_time": "2025-11-10T16:59:54.966Z",
    "user": 3,
    "content_type": 7,
    "object_id": "38",
    "object_repr": "Controle Xbox Wireless Series X Carbon Black",
    "action_flag": 1,
    "change_message": "[{\"added\": {}}, {\"added\": {\"name\": \"imagem produto\", \"object\": \"Imagem extra de Controle Xbox Wireless Series X Carbon Black\"}}, {\"added\": {\"name\": \"imagem produto\", \"object\": \"Imagem extra de Controle Xbox Wireless Series X Carbon Black\"}}]"
  }
},
{
  "model": "admin.logentry",
  "pk": 80,
  "fields": {
    "action_time": "2025-11-10T17:00:46.990Z",
    "user": 3,
    "content_type": 7,
    "object_id": "39",
    "object_repr": "Mochila Mickey Classic Edition",
    "action_flag": 1,
    "change_message": "[{\"added\": {}}, {\"added\": {\"name\": \"imagem produto\", \"object\": \"Imagem extra de Mochila Mickey Classic Edition\"}}, {\"added\": {\"name\": \"imagem produto\", \"object\": \"Imagem extra de Mochila Mickey Classic Edition\"}}]"
  }
},
{
  "model": "admin.logentry",
  "pk": 81,
  "fields": {
    "action_time": "2025-11-12T17:34:55.647Z",
    "user": 3,
    "content_type": 7,
    "object_id": "39",
    "object_repr": "Mochila Mickey Classic Edition",
    "action_flag": 2,
    "change_message": "[{\"changed\": {\"fields\": [\"Imagem principal\"]}}, {\"changed\": {\"name\": \"imagem produto\", \"object\": \"Imagem extra de Mochila Mickey Classic Edition\", \"fields\": [\"Imagem\"]}}, {\"changed\": {\"name\": \"imagem produto\", \"object\": \"Imagem extra de Mochila Mickey Classic Edition\", \"fields\": [\"Imagem\"]}}]"
  }
},
{
  "model": "admin.logentry",
  "pk": 82,
  "fields": {
    "action_time": "2025-11-12T17:36:49.423Z",
    "user": 3,
    "content_type": 7,
    "object_id": "38",
    "object_repr": "Controle Xbox Wireless Series X Carbon Black",
    "action_flag": 2,
    "change_message": "[{\"changed\": {\"fields\": [\"Imagem principal\"]}}, {\"changed\": {\"name\": \"imagem produto\", \"object\": \"Imagem extra de Controle Xbox Wireless Series X Carbon Black\", \"fields\": [\"Imagem\"]}}, {\"changed\": {\"name\": \"imagem produto\", \"object\": \"Imagem extra de Controle Xbox Wireless Series X Carbon Black\", \"fields\": [\"Imagem\"]}}]"
  }
},
{
  "model": "admin.logentry",
  "pk": 83,
  "fields": {
    "action_time": "2025-12-04T18:24:12.577Z",
    "user": 10,
    "content_type": 7,
    "object_id": "38",
    "object_repr": "Controle Xbox Wireless Series X Carbon Black",
    "action_flag": 3,
    "change_message": ""
  }
},
{
  "model": "admin.logentry",
  "pk": 84,
  "fields": {
    "action_time": "2025-12-04T18:24:12.577Z",
    "user": 10,
    "content_type": 7,
    "object_id": "37",
    "object_repr": "Camiseta Darth Vader ôJoin the Dark Sideö",
    "action_flag": 3,
    "change_message": ""
  }
},
{
  "model": "admin.logentry",
  "pk": 85,
  "fields": {
    "action_time": "2025-12-04T18:24:12.577Z",
    "user": 10,
    "content_type": 7,
    "object_id": "36",
    "object_repr": "Sabre de Luz Jedi ôSkywalker Blueö",
    "action_flag": 3,
    "change_message": ""
  }
},
{
  "model": "admin.logentry",
  "pk": 86,
  "fields": {
    "action_time": "2025-12-04T18:24:12.577Z",
    "user": 10,
    "content_type": 7,
    "object_id": "35",
    "object_repr": "Camiseta PS Icons Legacy",
    "action_flag": 3,
    "change_message": ""
  }
},
{
  "model": "admin.logentry",
  "pk": 87,
  "fields": {
    "action_time": "2025-12-04T18:24:12.577Z",
    "user": 10,
    "content_type": 7,
    "object_id": "34",
    "object_repr": "Headset Pulse 3D Midnight Black",
    "action_flag": 3,
    "change_message": ""
  }
},
{
  "model": "admin.logentry",
  "pk": 88,
  "fields": {
    "action_time": "2025-12-04T18:24:12.577Z",
    "user": 10,
    "content_type": 7,
    "object_id": "33",
    "object_repr": "Controle DualSense Cosmic Red",
    "action_flag": 3,
    "change_message": ""
  }
},
{
  "model": "admin.logentry",
  "pk": 89,
  "fields": {
    "action_time": "2025-12-04T18:24:12.577Z",
    "user": 10,
    "content_type": 7,
    "object_id": "32",
    "object_repr": "Action Figure Thor ôStormbreaker Seriesö",
    "action_flag": 3,
    "change_message": ""
  }
},
{
  "model": "admin.logentry",
  "pk": 90,
  "fields": {
    "action_time": "2025-12-04T18:24:12.577Z",
    "user": 10,
    "content_type": 7,
    "object_id": "31",
    "object_repr": "Caneca do Iron Man ôArc Reactor Editionö",
    "action_flag": 3,
    "change_message": ""
  }
},
{
  "model": "admin.logentry",
  "pk": 91,
  "fields": {
    "action_time": "2025-12-04T18:24:24.900Z",
    "user": 10,
    "content_type": 7,
    "object_id": "30",
    "object_repr": "Camiseta Homem-Aranha ôNo Way Webö",
    "action_flag": 3,
    "change_message": ""
  }
},
{
  "model": "admin.logentry",
  "pk": 92,
  "fields": {
    "action_time": "2025-12-04T19:19:40.174Z",
    "user": 10,
    "content_type": 7,
    "object_id": "40",
    "object_repr": "produto 2",
    "action_flag": 1,
    "change_message": "[{\"added\": {}}]"
  }
},
{
  "model": "admin.logentry",
  "pk": 93,
  "fields": {
    "action_time": "2025-12-04T19:20:16.837Z",
    "user": 10,
    "content_type": 7,
    "object_id": "41",
    "object_repr": "produto 3",
    "action_flag": 1,
    "change_message": "[{\"added\": {}}]"
  }
},
{
  "model": "admin.logentry",
  "pk": 94,
  "fields": {
    "action_time": "2025-12-04T19:20:30.664Z",
    "user": 10,
    "content_type": 7,
    "object_id": "41",
    "object_repr": "produto 4",
    "action_flag": 2,
    "change_message": "[{\"changed\": {\"fields\": [\"Nome\", \"Descricao\"]}}]"
  }
},
{
  "model": "admin.logentry",
  "pk": 95,
  "fields": {
    "action_time": "2025-12-04T19:21:49.997Z",
    "user": 10,
    "content_type": 7,
    "object_id": "42",
    "object_repr": "produto 1",
    "action_flag": 1,
    "change_message": "[{\"added\": {}}, {\"added\": {\"name\": \"imagem produto\", \"object\": \"Imagem extra de produto 1\"}}]"
  }
},
{
  "model": "admin.logentry",
  "pk": 96,
  "fields": {
    "action_time": "2025-12-04T19:39:42.429Z",
    "user": 10,
    "content_type": 7,
    "object_id": "43",
    "object_repr": "produto 5",
    "action_flag": 1,
    "change_message": "[{\"added\": {}}]"
  }
},
{
  "model": "admin.logentry",
  "pk": 97,
  "fields": {
    "action_time": "2025-12-09T18:06:16.486Z",
    "user": 10,
    "content_type": 7,
    "object_id": "39",
    "object_repr": "Mochila Mickey Classic Edition",
    "action_flag": 2,
    "change_message": "[{\"changed\": {\"fields\": [\"Imagem principal\"]}}]"
  }
},
{
  "model": "auth.permission",
  "pk": 1,
  "fields": {
    "name": "Can add log entry",
    "content_type": 1,
    "codename": "add_logentry"
  }
},
{
  "model": "auth.permission",
  "pk": 2,
  "fields": {
    "name": "Can change log entry",
    "content_type": 1,
    "codename": "change_logentry"
  }
},
{
  "model": "auth.permission",
  "pk": 3,
  "fields": {
    "name": "Can delete log entry",
    "content_type": 1,
    "codename": "delete_logentry"
  }
},
{
  "model": "auth.permission",
  "pk": 4,
  "fields": {
    "name": "Can view log entry",
    "content_type": 1,
    "codename": "view_logentry"
  }
},
{
  "model": "auth.permission",
  "pk": 5,
  "fields": {
    "name": "Can add permission",
    "content_type": 2,
    "codename": "add_permission"
  }
},
{
  "model": "auth.permission",
  "pk": 6,
  "fields": {
    "name": "Can change permission",
    "content_type": 2,
    "codename": "change_permission"
  }
},
{
  "model": "auth.permission",
  "pk": 7,
  "fields": {
    "name": "Can delete permission",
    "content_type": 2,
    "codename": "delete_permission"
  }
},
{
  "model": "auth.permission",
  "pk": 8,
  "fields": {
    "name": "Can view permission",
    "content_type": 2,
    "codename": "view_permission"
  }
},
{
  "model": "auth.permission",
  "pk": 9,
  "fields": {
    "name": "Can add group",
    "content_type": 3,
    "codename": "add_group"
  }
},
{
  "model": "auth.permission",
  "pk": 10,
  "fields": {
    "name": "Can change group",
    "content_type": 3,
    "codename": "change_group"
  }
},
{
  "model": "auth.permission",
  "pk": 11,
  "fields": {
    "name": "Can delete group",
    "content_type": 3,
    "codename": "delete_group"
  }
},
{
  "model": "auth.permission",
  "pk": 12,
  "fields": {
    "name": "Can view group",
    "content_type": 3,
    "codename": "view_group"
  }
},
{
  "model": "auth.permission",
  "pk": 13,
  "fields": {
    "name": "Can add user",
    "content_type": 4,
    "codename": "add_user"
  }
},
{
  "model": "auth.permission",
  "pk": 14,
  "fields": {
    "name": "Can change user",
    "content_type": 4,
    "codename": "change_user"
  }
},
{
  "model": "auth.permission",
  "pk": 15,
  "fields": {
    "name": "Can delete user",
    "content_type": 4,
    "codename": "delete_user"
  }
},
{
  "model": "auth.permission",
  "pk": 16,
  "fields": {
    "name": "Can view user",
    "content_type": 4,
    "codename": "view_user"
  }
},
{
  "model": "auth.permission",
  "pk": 17,
  "fields": {
    "name": "Can add content type",
    "content_type": 5,
    "codename": "add_contenttype"
  }
},
{
  "model": "auth.permission",
  "pk": 18,
  "fields": {
    "name": "Can change content type",
    "content_type": 5,
    "codename": "change_contenttype"
  }
},
{
  "model": "auth.permission",
  "pk": 19,
  "fields": {
    "name": "Can delete content type",
    "content_type": 5,
    "codename": "delete_contenttype"
  }
},
{
  "model": "auth.permission",
  "pk": 20,
  "fields": {
    "name": "Can view content type",
    "content_type": 5,
    "codename": "view_contenttype"
  }
},
{
  "model": "auth.permission",
  "pk": 21,
  "fields": {
    "name": "Can add session",
    "content_type": 6,
    "codename": "add_session"
  }
},
{
  "model": "auth.permission",
  "pk": 22,
  "fields": {
    "name": "Can change session",
    "content_type": 6,
    "codename": "change_session"
  }
},
{
  "model": "auth.permission",
  "pk": 23,
  "fields": {
    "name": "Can delete session",
    "content_type": 6,
    "codename": "delete_session"
  }
},
{
  "model": "auth.permission",
  "pk": 24,
  "fields": {
    "name": "Can view session",
    "content_type": 6,
    "codename": "view_session"
  }
},
{
  "model": "auth.permission",
  "pk": 25,
  "fields": {
    "name": "Can add produto",
    "content_type": 7,
    "codename": "add_produto"
  }
},
{
  "model": "auth.permission",
  "pk": 26,
  "fields": {
    "name": "Can change produto",
    "content_type": 7,
    "codename": "change_produto"
  }
},
{
  "model": "auth.permission",
  "pk": 27,
  "fields": {
    "name": "Can delete produto",
    "content_type": 7,
    "codename": "delete_produto"
  }
},
{
  "model": "auth.permission",
  "pk": 28,
  "fields": {
    "name": "Can view produto",
    "content_type": 7,
    "codename": "view_produto"
  }
},
{
  "model": "auth.permission",
  "pk": 29,
  "fields": {
    "name": "Can add imagem produto",
    "content_type": 8,
    "codename": "add_imagemproduto"
  }
},
{
  "model": "auth.permission",
  "pk": 30,
  "fields": {
    "name": "Can change imagem produto",
    "content_type": 8,
    "codename": "change_imagemproduto"
  }
},
{
  "model": "auth.permission",
  "pk": 31,
  "fields": {
    "name": "Can delete imagem produto",
    "content_type": 8,
    "codename": "delete_imagemproduto"
  }
},
{
  "model": "auth.permission",
  "pk": 32,
  "fields": {
    "name": "Can view imagem produto",
    "content_type": 8,
    "codename": "view_imagemproduto"
  }
},
{
  "model": "auth.permission",
  "pk": 33,
  "fields": {
    "name": "Can add categoria",
    "content_type": 9,
    "codename": "add_categoria"
  }
},
{
  "model": "auth.permission",
  "pk": 34,
  "fields": {
    "name": "Can change categoria",
    "content_type": 9,
    "codename": "change_categoria"
  }
},
{
  "model": "auth.permission",
  "pk": 35,
  "fields": {
    "name": "Can delete categoria",
    "content_type": 9,
    "codename": "delete_categoria"
  }
},
{
  "model": "auth.permission",
  "pk": 36,
  "fields": {
    "name": "Can view categoria",
    "content_type": 9,
    "codename": "view_categoria"
  }
},
{
  "model": "auth.permission",
  "pk": 37,
  "fields": {
    "name": "Can add marca",
    "content_type": 10,
    "codename": "add_marca"
  }
},
{
  "model": "auth.permission",
  "pk": 38,
  "fields": {
    "name": "Can change marca",
    "content_type": 10,
    "codename": "change_marca"
  }
},
{
  "model": "auth.permission",
  "pk": 39,
  "fields": {
    "name": "Can delete marca",
    "content_type": 10,
    "codename": "delete_marca"
  }
},
{
  "model": "auth.permission",
  "pk": 40,
  "fields": {
    "name": "Can view marca",
    "content_type": 10,
    "codename": "view_marca"
  }
},
{
  "model": "auth.permission",
  "pk": 41,
  "fields": {
    "name": "Can add carrinho",
    "content_type": 11,
    "codename": "add_carrinho"
  }
},
{
  "model": "auth.permission",
  "pk": 42,
  "fields": {
    "name": "Can change carrinho",
    "content_type": 11,
    "codename": "change_carrinho"
  }
},
{
  "model": "auth.permission",
  "pk": 43,
  "fields": {
    "name": "Can delete carrinho",
    "content_type": 11,
    "codename": "delete_carrinho"
  }
},
{
  "model": "auth.permission",
  "pk": 44,
  "fields": {
    "name": "Can view carrinho",
    "content_type": 11,
    "codename": "view_carrinho"
  }
},
{
  "model": "auth.permission",
  "pk": 45,
  "fields": {
    "name": "Can add estoque",
    "content_type": 12,
    "codename": "add_estoque"
  }
},
{
  "model": "auth.permission",
  "pk": 46,
  "fields": {
    "name": "Can change estoque",
    "content_type": 12,
    "codename": "change_estoque"
  }
},
{
  "model": "auth.permission",
  "pk": 47,
  "fields": {
    "name": "Can delete estoque",
    "content_type": 12,
    "codename": "delete_estoque"
  }
},
{
  "model": "auth.permission",
  "pk": 48,
  "fields": {
    "name": "Can view estoque",
    "content_type": 12,
    "codename": "view_estoque"
  }
},
{
  "model": "auth.permission",
  "pk": 49,
  "fields": {
    "name": "Can add item carrinho",
    "content_type": 13,
    "codename": "add_itemcarrinho"
  }
},
{
  "model": "auth.permission",
  "pk": 50,
  "fields": {
    "name": "Can change item carrinho",
    "content_type": 13,
    "codename": "change_itemcarrinho"
  }
},
{
  "model": "auth.permission",
  "pk": 51,
  "fields": {
    "name": "Can delete item carrinho",
    "content_type": 13,
    "codename": "delete_itemcarrinho"
  }
},
{
  "model": "auth.permission",
  "pk": 52,
  "fields": {
    "name": "Can view item carrinho",
    "content_type": 13,
    "codename": "view_itemcarrinho"
  }
},
{
  "model": "auth.permission",
  "pk": 53,
  "fields": {
    "name": "Can add pedido",
    "content_type": 14,
    "codename": "add_pedido"
  }
},
{
  "model": "auth.permission",
  "pk": 54,
  "fields": {
    "name": "Can change pedido",
    "content_type": 14,
    "codename": "change_pedido"
  }
},
{
  "model": "auth.permission",
  "pk": 55,
  "fields": {
    "name": "Can delete pedido",
    "content_type": 14,
    "codename": "delete_pedido"
  }
},
{
  "model": "auth.permission",
  "pk": 56,
  "fields": {
    "name": "Can view pedido",
    "content_type": 14,
    "codename": "view_pedido"
  }
},
{
  "model": "auth.permission",
  "pk": 57,
  "fields": {
    "name": "Can add item pedido",
    "content_type": 15,
    "codename": "add_itempedido"
  }
},
{
  "model": "auth.permission",
  "pk": 58,
  "fields": {
    "name": "Can change item pedido",
    "content_type": 15,
    "codename": "change_itempedido"
  }
},
{
  "model": "auth.permission",
  "pk": 59,
  "fields": {
    "name": "Can delete item pedido",
    "content_type": 15,
    "codename": "delete_itempedido"
  }
},
{
  "model": "auth.permission",
  "pk": 60,
  "fields": {
    "name": "Can view item pedido",
    "content_type": 15,
    "codename": "view_itempedido"
  }
},
{
  "model": "auth.permission",
  "pk": 61,
  "fields": {
    "name": "Can add review",
    "content_type": 16,
    "codename": "add_review"
  }
},
{
  "model": "auth.permission",
  "pk": 62,
  "fields": {
    "name": "Can change review",
    "content_type": 16,
    "codename": "change_review"
  }
},
{
  "model": "auth.permission",
  "pk": 63,
  "fields": {
    "name": "Can delete review",
    "content_type": 16,
    "codename": "delete_review"
  }
},
{
  "model": "auth.permission",
  "pk": 64,
  "fields": {
    "name": "Can view review",
    "content_type": 16,
    "codename": "view_review"
  }
},
{
  "model": "auth.permission",
  "pk": 65,
  "fields": {
    "name": "Can add MÚtodo de pagamento",
    "content_type": 17,
    "codename": "add_metodopagamento"
  }
},
{
  "model": "auth.permission",
  "pk": 66,
  "fields": {
    "name": "Can change MÚtodo de pagamento",
    "content_type": 17,
    "codename": "change_metodopagamento"
  }
},
{
  "model": "auth.permission",
  "pk": 67,
  "fields": {
    "name": "Can delete MÚtodo de pagamento",
    "content_type": 17,
    "codename": "delete_metodopagamento"
  }
},
{
  "model": "auth.permission",
  "pk": 68,
  "fields": {
    "name": "Can view MÚtodo de pagamento",
    "content_type": 17,
    "codename": "view_metodopagamento"
  }
},
{
  "model": "auth.permission",
  "pk": 69,
  "fields": {
    "name": "Can add NotificaþÒo",
    "content_type": 18,
    "codename": "add_notificacao"
  }
},
{
  "model": "auth.permission",
  "pk": 70,
  "fields": {
    "name": "Can change NotificaþÒo",
    "content_type": 18,
    "codename": "change_notificacao"
  }
},
{
  "model": "auth.permission",
  "pk": 71,
  "fields": {
    "name": "Can delete NotificaþÒo",
    "content_type": 18,
    "codename": "delete_notificacao"
  }
},
{
  "model": "auth.permission",
  "pk": 72,
  "fields": {
    "name": "Can view NotificaþÒo",
    "content_type": 18,
    "codename": "view_notificacao"
  }
},
{
  "model": "auth.permission",
  "pk": 73,
  "fields": {
    "name": "Can add Perfil",
    "content_type": 19,
    "codename": "add_perfil"
  }
},
{
  "model": "auth.permission",
  "pk": 74,
  "fields": {
    "name": "Can change Perfil",
    "content_type": 19,
    "codename": "change_perfil"
  }
},
{
  "model": "auth.permission",
  "pk": 75,
  "fields": {
    "name": "Can delete Perfil",
    "content_type": 19,
    "codename": "delete_perfil"
  }
},
{
  "model": "auth.permission",
  "pk": 76,
  "fields": {
    "name": "Can view Perfil",
    "content_type": 19,
    "codename": "view_perfil"
  }
},
{
  "model": "auth.permission",
  "pk": 77,
  "fields": {
    "name": "Can add Auditoria",
    "content_type": 20,
    "codename": "add_auditoria"
  }
},
{
  "model": "auth.permission",
  "pk": 78,
  "fields": {
    "name": "Can change Auditoria",
    "content_type": 20,
    "codename": "change_auditoria"
  }
},
{
  "model": "auth.permission",
  "pk": 79,
  "fields": {
    "name": "Can delete Auditoria",
    "content_type": 20,
    "codename": "delete_auditoria"
  }
},
{
  "model": "auth.permission",
  "pk": 80,
  "fields": {
    "name": "Can view Auditoria",
    "content_type": 20,
    "codename": "view_auditoria"
  }
},
{
  "model": "auth.permission",
  "pk": 81,
  "fields": {
    "name": "Can add Endereþo",
    "content_type": 21,
    "codename": "add_endereco"
  }
},
{
  "model": "auth.permission",
  "pk": 82,
  "fields": {
    "name": "Can change Endereþo",
    "content_type": 21,
    "codename": "change_endereco"
  }
},
{
  "model": "auth.permission",
  "pk": 83,
  "fields": {
    "name": "Can delete Endereþo",
    "content_type": 21,
    "codename": "delete_endereco"
  }
},
{
  "model": "auth.permission",
  "pk": 84,
  "fields": {
    "name": "Can view Endereþo",
    "content_type": 21,
    "codename": "view_endereco"
  }
},
{
  "model": "auth.permission",
  "pk": 85,
  "fields": {
    "name": "Can add SessÒo",
    "content_type": 22,
    "codename": "add_sessao"
  }
},
{
  "model": "auth.permission",
  "pk": 86,
  "fields": {
    "name": "Can change SessÒo",
    "content_type": 22,
    "codename": "change_sessao"
  }
},
{
  "model": "auth.permission",
  "pk": 87,
  "fields": {
    "name": "Can delete SessÒo",
    "content_type": 22,
    "codename": "delete_sessao"
  }
},
{
  "model": "auth.permission",
  "pk": 88,
  "fields": {
    "name": "Can view SessÒo",
    "content_type": 22,
    "codename": "view_sessao"
  }
},
{
  "model": "auth.user",
  "pk": 1,
  "fields": {
    "password": "pbkdf2_sha256$1000000$6iNuAvPWoWBLoMi1xw7NKd$y9CIBJBmfXJh7BZCsx5pwFgatdaMbrEqNTEVldhMcnE=",
    "last_login": "2025-08-27T18:12:45.934Z",
    "is_superuser": true,
    "username": "DanxzSleepy",
    "first_name": "",
    "last_name": "",
    "email": "wolfdangalaxy2@gmail.com",
    "is_staff": true,
    "is_active": true,
    "date_joined": "2025-07-24T19:29:26.652Z",
    "groups": [],
    "user_permissions": []
  }
},
{
  "model": "auth.user",
  "pk": 2,
  "fields": {
    "password": "pbkdf2_sha256$1000000$L2W4uCMK8FuHsLwGTtMh7e$+6tty1JW5tz4cnMecyAkIJqI8a05HX9yuExb/lNilr0=",
    "last_login": "2025-09-29T20:06:28.852Z",
    "is_superuser": false,
    "username": "DIAS",
    "first_name": "",
    "last_name": "",
    "email": "Wolfdangalaxy@gmail.com",
    "is_staff": false,
    "is_active": true,
    "date_joined": "2025-08-27T18:11:36.795Z",
    "groups": [],
    "user_permissions": []
  }
},
{
  "model": "auth.user",
  "pk": 3,
  "fields": {
    "password": "pbkdf2_sha256$870000$mrRPkFEX6hQououSPtVFpy$v03+hvC13pF6q3xhiDduRUG51M4KPnjna7KxzPqqwKY=",
    "last_login": "2025-11-18T18:20:46.509Z",
    "is_superuser": true,
    "username": "Danilo",
    "first_name": "",
    "last_name": "",
    "email": "wolfdangalaxy@gmail.com",
    "is_staff": true,
    "is_active": true,
    "date_joined": "2025-09-26T16:47:47.035Z",
    "groups": [],
    "user_permissions": []
  }
},
{
  "model": "auth.user",
  "pk": 4,
  "fields": {
    "password": "pbkdf2_sha256$1000000$26ionMowpD0mg9rVTEneTp$9qEogsLuXkyNObNLeubymwBwZ7d2YzEx0NqJWYx2qwk=",
    "last_login": null,
    "is_superuser": true,
    "username": "admin",
    "first_name": "",
    "last_name": "",
    "email": "admin@example.com",
    "is_staff": true,
    "is_active": true,
    "date_joined": "2025-09-26T16:48:00.958Z",
    "groups": [],
    "user_permissions": []
  }
},
{
  "model": "auth.user",
  "pk": 5,
  "fields": {
    "password": "pbkdf2_sha256$1000000$4GYnoFuTkVXLzJYRDaTzGp$s82woADOJ9M3ZMi65IkMPP7ixskAG2yY+TY94RirCmw=",
    "last_login": null,
    "is_superuser": false,
    "username": "testuser",
    "first_name": "",
    "last_name": "",
    "email": "test@example.com",
    "is_staff": false,
    "is_active": true,
    "date_joined": "2025-09-26T17:30:51.972Z",
    "groups": [],
    "user_permissions": []
  }
},
{
  "model": "auth.user",
  "pk": 6,
  "fields": {
    "password": "pbkdf2_sha256$1000000$sQORjtrGy7Gwwwqb32FRF7$SufAJRnaIkgyJ7phYAPUCEo5UW5fLBRKS2QaHyuSwT0=",
    "last_login": "2025-09-29T18:20:16.914Z",
    "is_superuser": false,
    "username": "morales",
    "first_name": "",
    "last_name": "",
    "email": "daniloicaro07@gamil.com",
    "is_staff": false,
    "is_active": true,
    "date_joined": "2025-09-29T18:20:16.433Z",
    "groups": [],
    "user_permissions": []
  }
},
{
  "model": "auth.user",
  "pk": 7,
  "fields": {
    "password": "pbkdf2_sha256$1000000$JqLuQcz7MKGhPe0y6VzmPY$F6HZmNmETDPzyD5822PU3f6OVEfpQIt24ZTSU32FAb8=",
    "last_login": "2025-10-31T19:19:37.867Z",
    "is_superuser": false,
    "username": "Danxz",
    "first_name": "",
    "last_name": "",
    "email": "daniloicaro35@gmail.com",
    "is_staff": false,
    "is_active": true,
    "date_joined": "2025-10-21T17:54:35.409Z",
    "groups": [],
    "user_permissions": []
  }
},
{
  "model": "auth.user",
  "pk": 8,
  "fields": {
    "password": "pbkdf2_sha256$1000000$LyndpYDuejH4iuTXTWAOQs$8dpT/IFBujej0qW8C0A6ZorlS+9npzAq4rcU2nYXakk=",
    "last_login": "2025-11-11T19:59:06.729Z",
    "is_superuser": false,
    "username": "niko",
    "first_name": "",
    "last_name": "",
    "email": "nikio@gmail.com",
    "is_staff": false,
    "is_active": true,
    "date_joined": "2025-11-11T19:59:06.295Z",
    "groups": [],
    "user_permissions": []
  }
},
{
  "model": "auth.user",
  "pk": 9,
  "fields": {
    "password": "pbkdf2_sha256$1200000$7YPk844tQWKPtkUlNwbW3w$B4D5ccazNfLZoz0R8l/wpGYd08xByr5DP8RHqk9YL5w=",
    "last_login": "2025-12-06T17:45:01.681Z",
    "is_superuser": false,
    "username": "Lucas",
    "first_name": "",
    "last_name": "",
    "email": "lucaseduardoeu888@gmail.com",
    "is_staff": false,
    "is_active": true,
    "date_joined": "2025-12-04T17:47:34.961Z",
    "groups": [],
    "user_permissions": []
  }
},
{
  "model": "auth.user",
  "pk": 10,
  "fields": {
    "password": "pbkdf2_sha256$1000000$hl6UMkbDAJ5gBkoSbTB59u$YFMxjGk4FdVkyzNw3R+Ka9ENVkDo9tKYLmzINIPsgfc=",
    "last_login": "2025-12-11T14:19:15.887Z",
    "is_superuser": true,
    "username": "lucas",
    "first_name": "",
    "last_name": "",
    "email": "lucas@gmail.com",
    "is_staff": true,
    "is_active": true,
    "date_joined": "2025-12-04T18:22:55.475Z",
    "groups": [],
    "user_permissions": []
  }
},
{
  "model": "auth.user",
  "pk": 11,
  "fields": {
    "password": "pbkdf2_sha256$1200000$dtSVUk3Ptz5MIelUtEhMRf$/j/ZvwVnyfbAaetJh2spgbRTx+6OKrvhsxo3F2rWMwo=",
    "last_login": "2025-12-10T01:12:21.264Z",
    "is_superuser": false,
    "username": "nikolas",
    "first_name": "",
    "last_name": "",
    "email": "nikolas@gmail.com",
    "is_staff": false,
    "is_active": true,
    "date_joined": "2025-12-09T20:28:16.501Z",
    "groups": [],
    "user_permissions": []
  }
},
{
  "model": "auth.user",
  "pk": 12,
  "fields": {
    "password": "pbkdf2_sha256$1200000$KbshtkhSdnydXeOProtV1a$vSmmicVOauF4M6QXcCGPUovzQCuDROjkvFnFxJ7vKhk=",
    "last_login": "2025-12-10T01:22:26.521Z",
    "is_superuser": false,
    "username": "Lucas_cliente",
    "first_name": "",
    "last_name": "",
    "email": "cliente@gmail.com",
    "is_staff": false,
    "is_active": true,
    "date_joined": "2025-12-10T01:22:24.118Z",
    "groups": [],
    "user_permissions": []
  }
},
{
  "model": "contenttypes.contenttype",
  "pk": 1,
  "fields": {
    "app_label": "admin",
    "model": "logentry"
  }
},
{
  "model": "contenttypes.contenttype",
  "pk": 2,
  "fields": {
    "app_label": "auth",
    "model": "permission"
  }
},
{
  "model": "contenttypes.contenttype",
  "pk": 3,
  "fields": {
    "app_label": "auth",
    "model": "group"
  }
},
{
  "model": "contenttypes.contenttype",
  "pk": 4,
  "fields": {
    "app_label": "auth",
    "model": "user"
  }
},
{
  "model": "contenttypes.contenttype",
  "pk": 5,
  "fields": {
    "app_label": "contenttypes",
    "model": "contenttype"
  }
},
{
  "model": "contenttypes.contenttype",
  "pk": 6,
  "fields": {
    "app_label": "sessions",
    "model": "session"
  }
},
{
  "model": "contenttypes.contenttype",
  "pk": 7,
  "fields": {
    "app_label": "nucleo",
    "model": "produto"
  }
},
{
  "model": "contenttypes.contenttype",
  "pk": 8,
  "fields": {
    "app_label": "nucleo",
    "model": "imagemproduto"
  }
},
{
  "model": "contenttypes.contenttype",
  "pk": 9,
  "fields": {
    "app_label": "nucleo",
    "model": "categoria"
  }
},
{
  "model": "contenttypes.contenttype",
  "pk": 10,
  "fields": {
    "app_label": "nucleo",
    "model": "marca"
  }
},
{
  "model": "contenttypes.contenttype",
  "pk": 11,
  "fields": {
    "app_label": "nucleo",
    "model": "carrinho"
  }
},
{
  "model": "contenttypes.contenttype",
  "pk": 12,
  "fields": {
    "app_label": "nucleo",
    "model": "estoque"
  }
},
{
  "model": "contenttypes.contenttype",
  "pk": 13,
  "fields": {
    "app_label": "nucleo",
    "model": "itemcarrinho"
  }
},
{
  "model": "contenttypes.contenttype",
  "pk": 14,
  "fields": {
    "app_label": "nucleo",
    "model": "pedido"
  }
},
{
  "model": "contenttypes.contenttype",
  "pk": 15,
  "fields": {
    "app_label": "nucleo",
    "model": "itempedido"
  }
},
{
  "model": "contenttypes.contenttype",
  "pk": 16,
  "fields": {
    "app_label": "nucleo",
    "model": "review"
  }
},
{
  "model": "contenttypes.contenttype",
  "pk": 17,
  "fields": {
    "app_label": "usuarios",
    "model": "metodopagamento"
  }
},
{
  "model": "contenttypes.contenttype",
  "pk": 18,
  "fields": {
    "app_label": "usuarios",
    "model": "notificacao"
  }
},
{
  "model": "contenttypes.contenttype",
  "pk": 19,
  "fields": {
    "app_label": "usuarios",
    "model": "perfil"
  }
},
{
  "model": "contenttypes.contenttype",
  "pk": 20,
  "fields": {
    "app_label": "usuarios",
    "model": "auditoria"
  }
},
{
  "model": "contenttypes.contenttype",
  "pk": 21,
  "fields": {
    "app_label": "usuarios",
    "model": "endereco"
  }
},
{
  "model": "contenttypes.contenttype",
  "pk": 22,
  "fields": {
    "app_label": "usuarios",
    "model": "sessao"
  }
},
{
  "model": "sessions.session",
  "pk": "0fupn0xnqutdmy65o8l3lmfhnz3pdg38",
  "fields": {
    "session_data": ".eJxVjMEOwiAQRP-FsyGAuFCP3vsNzW53kaqBpLQn47_bJj1oMqd5b-atBlyXPKxN5mFidVVndfrtCMenlB3wA8u96rGWZZ5I74o-aNN9ZXndDvfvIGPL2zo6ayEiBO7IBvHxEn3oADh45w15NpadMSRsALcIs5BPCTkFiJbV5wu89DfU:1vGhKJ:wV_5vzJx1FNjHl31tsIw2lTlAkZX-okv6S-ddwG0-hg",
    "expire_date": "2025-11-19T17:29:43.246Z"
  }
},
{
  "model": "sessions.session",
  "pk": "2x15vhx45z47dr0twe7e6s6mowdos64i",
  "fields": {
    "session_data": ".eJxVjDsOwjAQBe_iGllef9YJJX3OYK1_OIBsKU4qxN1JpBTQvpl5b-ZoW4vbelrcHNmVAbv8bp7CM9UDxAfVe-Oh1XWZPT8UftLOpxbT63a6fweFetlrGTUGOUDSJkeyBCNYEp60EcKOSKBMDApAUB6ylYpwd31AJASLFtnnC9GYNzA:1urKdZ:NvPEJ-ytZCWLk-qJh25swVSkwCiTGp2eAtZdaj66mAs",
    "expire_date": "2025-09-10T18:12:45.468Z"
  }
},
{
  "model": "sessions.session",
  "pk": "39aub5z6eba9i6k32tq2cjblcrz8tlli",
  "fields": {
    "session_data": ".eJxVjDsOwjAQBe_iGlnROt6sKek5g7XrDw4gW4qTCnF3iJQC2jcz76U8b2vxW0-Ln6M6K6NOv5tweKS6g3jnems6tLous-hd0Qft-tpiel4O9--gcC_fmsBmASG0gDShy240YbRkcAgoJmIWGTmYzJIJBmKYHJOAS9Y4m6J6fwDPwzfB:1v3IU8:BEWZHff2ZJZgIbrXeegurJ6XOnKwSFP438KmUvNxobc",
    "expire_date": "2025-10-13T18:20:28.988Z"
  }
},
{
  "model": "sessions.session",
  "pk": "5pk97l9m9gdj8sgd7xzct34ickwn1ks4",
  "fields": {
    "session_data": ".eJxVjDsOwjAQBe_iGlkb_3Ao6XMGa71r4wCypTipEHeHSCmgfTPzXiLgtpaw9bSEmcVFDCBOv2NEeqS6E75jvTVJra7LHOWuyIN2OTVOz-vh_h0U7OVbJ82jg-S0gmjMGaxD8qzYK-MoqoyYdSayHLNLoGk0OuqBMlv2CKTE-wMRozje:1vTKwi:cbjW_JbpT9a3RTGATsE3qwKWN5-qWAYytUOyVbvBNno",
    "expire_date": "2025-12-24T14:13:36.061Z"
  }
},
{
  "model": "sessions.session",
  "pk": "9gc00uof8obovlw9sx96zq99g1399fxi",
  "fields": {
    "session_data": ".eJxVjDsOwjAQBe_iGln2yusPJT1nsNY_HEC2FCdVxN1JpBTQzsx7G_O0LtWvI89-SuzKLLv8skDxldsh0pPao_PY2zJPgR8JP-3g957y-3a2fweVRt3XZKIrxQWwDpUWaAEkCGVCMUKTKEqjjAhKQZbCRrODmIksJS0JEdnnC8NVNxY:1vIuWA:D6DJllDTV5XYH3HGDJ6_C5xjizuzY6koMwrkphn8Agk",
    "expire_date": "2025-11-25T19:59:06.746Z"
  }
},
{
  "model": "sessions.session",
  "pk": "a1f8hz2a9lspwtikpkdm77k75z7qhzit",
  "fields": {
    "session_data": ".eJxVjEEOwiAQRe_C2hBaKDAu3XsGMjNMpWpoUtqV8e7apAvd_vfef6mE21rS1mRJU1ZnFdTpdyPkh9Qd5DvW26x5rusykd4VfdCmr3OW5-Vw_w4KtvKtwRmEjg0PobfMHqMnGK1HFETrQbIVGztxBkYQBxB7E4PN5JnQDKTeH-g7OBA:1vBGZ9:pWyG8avNw4MIGhhblHernL8Zq0On50uzFOwlwTmqNXQ",
    "expire_date": "2025-11-04T17:54:35.768Z"
  }
},
{
  "model": "sessions.session",
  "pk": "f11iwjrwuj58jmplj1rleh171zlcirce",
  "fields": {
    "session_data": ".eJxVjEsOwjAMBe-SNYqc9OOGJfueobJjhxZQIjXtCnF3VKkL2L6ZeW8z0b7N0151nRYxV-PAXH5HpvjUfBB5UL4XG0ve1oXtodiTVjsW0dftdP8OZqrzUVPskrTc4BBCH2LbJqGhCZo8snessQ-UPPegiAihY-cFIWlUBhA0ny8mDDjS:1vT4KD:4eacPh_ycw24azxo4qBs1WafhnPp4MoJEgIPpBuT7ek",
    "expire_date": "2025-12-23T20:28:45.206Z"
  }
},
{
  "model": "sessions.session",
  "pk": "kkluo7u2if9vzdl46h99fjz8h6vc6wln",
  "fields": {
    "session_data": ".eJxVjEsOwjAMBe-SNYpK0ySGJXvOENmxTQookfpZIe4OlbqA7ZuZ9zIJ16WkdZYpjWzOxpnD70aYH1I3wHest2Zzq8s0kt0Uu9PZXhvL87K7fwcF5_KtAQh8EA4s0Ck5ZSLf-4CxQ6aB8ukYJEdhVg2KAzjKquCiQi_csXl_AB4KOcs:1vJFUg:3S28sgDoBLG1FE5phZZSlSwddwvYYHeX8Av7-38XVHM",
    "expire_date": "2025-11-26T18:22:58.214Z"
  }
},
{
  "model": "sessions.session",
  "pk": "lrmmwfcjd9cmewdrcrygd36yftf4nwqc",
  "fields": {
    "session_data": ".eJxVjEEOgjAQRe_StWmGzlSoS_ecgUw7g0VNSSisjHdXEha6_e-9_zIDb2setqrLMIm5GDSn3y1yemjZgdy53Gab5rIuU7S7Yg9abT-LPq-H-3eQueZv3XlA8OQCQEIlbR0QKvgWpWnGFrlLIYYUR0EXHek5EouDEQnYS2jM-wOyszcm:1vIUtN:cTma1pXap6X6CVyfahjJzaDtdS0JVfr7fwRdCxYNayg",
    "expire_date": "2025-11-24T16:37:21.706Z"
  }
},
{
  "model": "sessions.session",
  "pk": "n2fv2b66cf87sixx3icb3ugo43i8h17e",
  "fields": {
    "session_data": ".eJxVjMEOwiAQRP-FsyFAC4hH7_0GsuxupWogKe3J-O9K0oOeJpn3Zl4iwr7luDde40LiIrQSp98yAT64dEJ3KLcqsZZtXZLsijxok1Mlfl4P9-8gQ8t9PSZFxrs5nA3amXEkPRhjLA1WOUAy_A0OHjQGYNLoB68UscLR8uzE-wMQvTiA:1vT6Xk:FOeFM1ROESGbadQnDCX1NykeItjppJq1yO-10yuIDJc",
    "expire_date": "2025-12-23T22:50:52.225Z"
  }
},
{
  "model": "sessions.session",
  "pk": "olbdouz13bgocqj1c1zjmdbcoek09bff",
  "fields": {
    "session_data": ".eJxVjMsOgjAQRf-la9O0BenUpXu-oZlHR1ADCYWV8d-VhIVu7znnvkzGbR3yVsuSRzEX4505_Y6E_CjTTuSO0222PE_rMpLdFXvQavtZyvN6uH8HA9bhW6c2MIsjjwAOlKI2yOiD04BKnXKCxp1Lch1oVA0gCcVDbBMFIc_m_QEfwzjH:1vThVj:D8L2n0Ir6jCM71WV8hes98TZ7q51GdFzH8DBvW3-hlk",
    "expire_date": "2025-12-25T14:19:15.932Z"
  }
},
{
  "model": "sessions.session",
  "pk": "our198zlvz3gcojyuail602kq39j5f8m",
  "fields": {
    "session_data": ".eJxVjEEOwiAQRe_C2pB2oMi4dN8zkGEGpGpoUtqV8e7apAvd_vfef6lA21rC1tISJlEXher0u0XiR6o7kDvV26x5rusyRb0r-qBNj7Ok5_Vw_w4KtfKt-4zElH32Azix4iGBZwLscmQ0CR0AGopobI5iUcSe2ZH0JB1YM6j3BwROOHM:1vRFOh:2p5bQMzuXpt8DxVc_nbPJ7m0KUWonIcnjN08cZYxa40",
    "expire_date": "2025-12-18T19:53:51.754Z"
  }
},
{
  "model": "sessions.session",
  "pk": "p7i9jrj73zopqslkbwcamt713nx036u3",
  "fields": {
    "session_data": ".eJxVjDsOwjAQBe_iGlnROt6sKek5g7XrDw4gW4qTCnF3iJQC2jcz76U8b2vxW0-Ln6M6K6NOv5tweKS6g3jnems6tLous-hd0Qft-tpiel4O9--gcC_fmsBmASG0gDShy240YbRkcAgoJmIWGTmYzJIJBmKYHJOAS9Y4m6J6fwDPwzfB:1v2CgW:Ro2eUrP25PSju6zRXliTrjNaazH76JWqJ7uEiBxruVE",
    "expire_date": "2025-10-10T17:56:44.578Z"
  }
},
{
  "model": "sessions.session",
  "pk": "pph6j81xfy0ob2eeleh1coohjpudbc3x",
  "fields": {
    "session_data": ".eJxVjDsOwjAQBe_iGllef9YJJX3OYK1_OIBsKU4qxN1JpBTQvpl5b-ZoW4vbelrcHNmVAbv8bp7CM9UDxAfVe-Oh1XWZPT8UftLOpxbT63a6fweFetlrGTUGOUDSJkeyBCNYEp60EcKOSKBMDApAUB6ylYpwd31AJASLFtnnC9GYNzA:1urKdZ:NvPEJ-ytZCWLk-qJh25swVSkwCiTGp2eAtZdaj66mAs",
    "expire_date": "2025-09-10T18:12:45.717Z"
  }
},
{
  "model": "sessions.session",
  "pk": "r8ehd4kh4fijlgblsj64ms4vym099g0d",
  "fields": {
    "session_data": ".eJxVjMsOgjAQRf-la9O0BenUpXu-oZlHR1ADCYWV8d-VhIVu7znnvkzGbR3yVsuSRzEX4505_Y6E_CjTTuSO0222PE_rMpLdFXvQavtZyvN6uH8HA9bhW6c2MIsjjwAOlKI2yOiD04BKnXKCxp1Lch1oVA0gCcVDbBMFIc_m_QEfwzjH:1vTVc4:uoj_W4zA5mpGT2k8qJO8zTzTmbU3ZpMphZ9e0olkgQE",
    "expire_date": "2025-12-25T01:37:00.326Z"
  }
},
{
  "model": "sessions.session",
  "pk": "rptzxqf5idsadsmo98s6i4kcw7l9t0k1",
  "fields": {
    "session_data": ".eJxVjEsOwjAMBe-SNYpK0ySGJXvOENmxTQookfpZIe4OlbqA7ZuZ9zIJ16WkdZYpjWzOxpnD70aYH1I3wHest2Zzq8s0kt0Uu9PZXhvL87K7fwcF5_KtAQh8EA4s0Ck5ZSLf-4CxQ6aB8ukYJEdhVg2KAzjKquCiQi_csXl_AB4KOcs:1vLQJq:NC39FvMc0OcB7fUqM9UVqLewl_bC1S-dIhdh6JBITJg",
    "expire_date": "2025-12-02T18:20:46.525Z"
  }
},
{
  "model": "sessions.session",
  "pk": "s7o3aw8hubow8n9f7x51qiml5gnt9mqs",
  "fields": {
    "session_data": ".eJxVjDsOwjAQBe_iGllef9YJJX3OYK1_OIBsKU4qxN1JpBTQvpl5b-ZoW4vbelrcHNmVAbv8bp7CM9UDxAfVe-Oh1XWZPT8UftLOpxbT63a6fweFetlrGTUGOUDSJkeyBCNYEp60EcKOSKBMDApAUB6ylYpwd31AJASLFtnnC9GYNzA:1uf1dj:PpmSvv6KmDjsHbaartLoAxl8Nxvol2jVqmK5HbuPvCo",
    "expire_date": "2025-08-07T19:30:03.960Z"
  }
},
{
  "model": "sessions.session",
  "pk": "sc6oqv05n6x82om142d50xjjo2bblwo4",
  "fields": {
    "session_data": ".eJxVjEEOwiAQAP_C2RBgSxc8eu8bml2WStXQpLQn499Nkx70OjOZtxpp38q4t7yOs6irAnX5ZUzpmesh5EH1vui01G2dWR-JPm3TwyL5dTvbv0GhVo5tSHYy5A1B7qXDbJFRJvYk0QEJMBKELpnoCSdw6IJxfYLYo2drSH2-64E3lQ:1vEufa:mzWq4YnR1rkKznyXibwJLEJ25uWHK7UKbM-tMypOSL8",
    "expire_date": "2025-11-14T19:20:18.455Z"
  }
},
{
  "model": "sessions.session",
  "pk": "scidkr1c3b1yscdezwc8y5xmnav8vf5p",
  "fields": {
    "session_data": ".eJxVjDsOwjAQBe_iGllef9YJJX3OYK1_OIBsKU4qxN1JpBTQvpl5b-ZoW4vbelrcHNmVAbv8bp7CM9UDxAfVe-Oh1XWZPT8UftLOpxbT63a6fweFetlrGTUGOUDSJkeyBCNYEp60EcKOSKBMDApAUB6ylYpwd31AJASLFtnnC9GYNzA:1ulXZg:0VhZQNdQ-QiB9ArHvs3G47vpB4dbDqa8k2a-DxgYezE",
    "expire_date": "2025-08-25T18:48:48.532Z"
  }
},
{
  "model": "sessions.session",
  "pk": "vtd18etur2d3qlb6mff2f5k2ncic9o3p",
  "fields": {
    "session_data": ".eJxVjEsOwjAMBe-SNYqc9OOGJfueobJjhxZQIjXtCnF3VKkL2L6ZeW8z0b7N0151nRYxV-PAXH5HpvjUfBB5UL4XG0ve1oXtodiTVjsW0dftdP8OZqrzUVPskrTc4BBCH2LbJqGhCZo8snessQ-UPPegiAihY-cFIWlUBhA0ny8mDDjS:1vT2JN:zEQIHIp47KAcOvLZk7Suc1H35ZjWI7fBLStNr_aKFk0",
    "expire_date": "2025-12-23T18:19:45.212Z"
  }
},
{
  "model": "sessions.session",
  "pk": "wjr1r8688fj9rhnljybmb3ye63ki8ubr",
  "fields": {
    "session_data": ".eJxVjDsOwjAQBe_iGllef9YJJX3OYK1_OIBsKU4qxN1JpBTQvpl5b-ZoW4vbelrcHNmVAbv8bp7CM9UDxAfVe-Oh1XWZPT8UftLOpxbT63a6fweFetlrGTUGOUDSJkeyBCNYEp60EcKOSKBMDApAUB6ylYpwd31AJASLFtnnC9GYNzA:1urKdZ:NvPEJ-ytZCWLk-qJh25swVSkwCiTGp2eAtZdaj66mAs",
    "expire_date": "2025-09-10T18:12:45.942Z"
  }
},
{
  "model": "nucleo.marca",
  "pk": 1,
  "fields": {
    "nome": "GenÚrica",
    "logo": ""
  }
},
{
  "model": "nucleo.marca",
  "pk": 2,
  "fields": {
    "nome": "Disney",
    "logo": ""
  }
},
{
  "model": "nucleo.marca",
  "pk": 3,
  "fields": {
    "nome": "Marvel",
    "logo": ""
  }
},
{
  "model": "nucleo.marca",
  "pk": 4,
  "fields": {
    "nome": "Star Wars",
    "logo": ""
  }
},
{
  "model": "nucleo.marca",
  "pk": 5,
  "fields": {
    "nome": "PlayStation",
    "logo": ""
  }
},
{
  "model": "nucleo.marca",
  "pk": 6,
  "fields": {
    "nome": "Xbox",
    "logo": ""
  }
},
{
  "model": "nucleo.categoria",
  "pk": 1,
  "fields": {
    "nome": "vestimenta"
  }
},
{
  "model": "nucleo.categoria",
  "pk": 2,
  "fields": {
    "nome": "Funko"
  }
},
{
  "model": "nucleo.categoria",
  "pk": 3,
  "fields": {
    "nome": "Funko Pop"
  }
},
{
  "model": "nucleo.categoria",
  "pk": 4,
  "fields": {
    "nome": "Action Figure"
  }
},
{
  "model": "nucleo.categoria",
  "pk": 5,
  "fields": {
    "nome": "Camisetas"
  }
},
{
  "model": "nucleo.categoria",
  "pk": 6,
  "fields": {
    "nome": "Acess¾rios"
  }
},
{
  "model": "nucleo.produto",
  "pk": 39,
  "fields": {
    "nome": "Mochila Mickey Classic Edition",
    "descricao": "Mochila estilosa com o rosto do Mickey bordado e detalhes em couro sintÚtico.",
    "preco": "179.90",
    "imagem_principal": "produtos/funko_mickey.jpg",
    "marca": 2,
    "categoria": null,
    "criado_em": "2025-11-10T17:00:46.980Z"
  }
},
{
  "model": "nucleo.produto",
  "pk": 40,
  "fields": {
    "nome": "produto 2",
    "descricao": "asd asd asd asd asd asd",
    "preco": "12.00",
    "imagem_principal": "produtos/Group_135.png",
    "marca": 3,
    "categoria": 6,
    "criado_em": "2025-12-04T19:19:40.172Z"
  }
},
{
  "model": "nucleo.produto",
  "pk": 41,
  "fields": {
    "nome": "produto 4",
    "descricao": "awesdf vadfg sdfb sdfb",
    "preco": "123.00",
    "imagem_principal": "produtos/Group_135-1.png",
    "marca": 6,
    "categoria": 6,
    "criado_em": "2025-12-04T19:20:16.832Z"
  }
},
{
  "model": "nucleo.produto",
  "pk": 42,
  "fields": {
    "nome": "produto 1",
    "descricao": "olikjhsd flskd flskdf sdf",
    "preco": "15.00",
    "imagem_principal": "produtos/Group_192-1.png",
    "marca": 6,
    "categoria": 6,
    "criado_em": "2025-12-04T19:21:49.985Z"
  }
},
{
  "model": "nucleo.produto",
  "pk": 43,
  "fields": {
    "nome": "produto 5",
    "descricao": "lkjasn dlkansldfknas das",
    "preco": "13.00",
    "imagem_principal": "produtos/Group_196.png",
    "marca": 6,
    "categoria": 1,
    "criado_em": "2025-12-04T19:39:42.424Z"
  }
},
{
  "model": "nucleo.produto",
  "pk": 44,
  "fields": {
    "nome": "produto teste",
    "descricao": "Produto criado para testar a funcionalidade de adicionar produtos pela pßgina de perfil.",
    "preco": "100.00",
    "imagem_principal": "produtos/chewbacca.jpg",
    "marca": 6,
    "categoria": 1,
    "criado_em": "2025-12-06T18:29:04.195Z"
  }
},
{
  "model": "nucleo.imagemproduto",
  "pk": 36,
  "fields": {
    "produto": 39,
    "imagem": "produtos/adicionais/gemini-2.5-flash-image-preview_nano-banana_b_continue_porfavor_so_1.png"
  }
},
{
  "model": "nucleo.imagemproduto",
  "pk": 37,
  "fields": {
    "produto": 39,
    "imagem": "produtos/adicionais/a431b242-eb9a-49b8-876f-8c8859a9e908.jpg"
  }
},
{
  "model": "nucleo.imagemproduto",
  "pk": 38,
  "fields": {
    "produto": 42,
    "imagem": "produtos/adicionais/Group_192-1.png"
  }
},
{
  "model": "nucleo.review",
  "pk": 4,
  "fields": {
    "produto": 40,
    "usuario": 9,
    "comentario": "qasd as",
    "nota": 2,
    "criado_em": "2025-12-04T19:54:26.524Z"
  }
},
{
  "model": "nucleo.estoque",
  "pk": 5,
  "fields": {
    "produto": 44,
    "quantidade": 97
  }
},
{
  "model": "nucleo.carrinho",
  "pk": 1,
  "fields": {
    "usuario": 4
  }
},
{
  "model": "nucleo.carrinho",
  "pk": 2,
  "fields": {
    "usuario": 2
  }
},
{
  "model": "nucleo.carrinho",
  "pk": 3,
  "fields": {
    "usuario": 3
  }
},
{
  "model": "nucleo.carrinho",
  "pk": 4,
  "fields": {
    "usuario": 7
  }
},
{
  "model": "nucleo.carrinho",
  "pk": 5,
  "fields": {
    "usuario": 8
  }
},
{
  "model": "nucleo.carrinho",
  "pk": 6,
  "fields": {
    "usuario": 9
  }
},
{
  "model": "nucleo.carrinho",
  "pk": 7,
  "fields": {
    "usuario": 10
  }
},
{
  "model": "nucleo.carrinho",
  "pk": 8,
  "fields": {
    "usuario": 12
  }
},
{
  "model": "nucleo.itemcarrinho",
  "pk": 20,
  "fields": {
    "carrinho": 6,
    "produto": 40,
    "quantidade": 1
  }
},
{
  "model": "nucleo.itemcarrinho",
  "pk": 40,
  "fields": {
    "carrinho": 7,
    "produto": 42,
    "quantidade": 2
  }
},
{
  "model": "nucleo.pedido",
  "pk": 1,
  "fields": {
    "usuario": 3,
    "criado_em": "2025-09-26T17:07:31.663Z",
    "finalizado": false,
    "endereco_destinatario": "",
    "endereco_rua": "",
    "endereco_numero": "",
    "endereco_complemento": "",
    "endereco_bairro": "",
    "endereco_cidade": "",
    "endereco_estado": "",
    "endereco_cep": "",
    "endereco_telefone": "",
    "forma_pagamento": "",
    "total": "0.00"
  }
},
{
  "model": "nucleo.pedido",
  "pk": 2,
  "fields": {
    "usuario": 3,
    "criado_em": "2025-09-29T18:21:09.835Z",
    "finalizado": false,
    "endereco_destinatario": "",
    "endereco_rua": "",
    "endereco_numero": "",
    "endereco_complemento": "",
    "endereco_bairro": "",
    "endereco_cidade": "",
    "endereco_estado": "",
    "endereco_cep": "",
    "endereco_telefone": "",
    "forma_pagamento": "",
    "total": "0.00"
  }
},
{
  "model": "nucleo.pedido",
  "pk": 3,
  "fields": {
    "usuario": 3,
    "criado_em": "2025-09-29T20:23:15.160Z",
    "finalizado": false,
    "endereco_destinatario": "",
    "endereco_rua": "",
    "endereco_numero": "",
    "endereco_complemento": "",
    "endereco_bairro": "",
    "endereco_cidade": "",
    "endereco_estado": "",
    "endereco_cep": "",
    "endereco_telefone": "",
    "forma_pagamento": "",
    "total": "0.00"
  }
},
{
  "model": "nucleo.pedido",
  "pk": 4,
  "fields": {
    "usuario": 3,
    "criado_em": "2025-09-29T20:40:36.785Z",
    "finalizado": false,
    "endereco_destinatario": "",
    "endereco_rua": "",
    "endereco_numero": "",
    "endereco_complemento": "",
    "endereco_bairro": "",
    "endereco_cidade": "",
    "endereco_estado": "",
    "endereco_cep": "",
    "endereco_telefone": "",
    "forma_pagamento": "",
    "total": "0.00"
  }
},
{
  "model": "nucleo.pedido",
  "pk": 5,
  "fields": {
    "usuario": 3,
    "criado_em": "2025-10-06T19:31:39.334Z",
    "finalizado": false,
    "endereco_destinatario": "",
    "endereco_rua": "",
    "endereco_numero": "",
    "endereco_complemento": "",
    "endereco_bairro": "",
    "endereco_cidade": "",
    "endereco_estado": "",
    "endereco_cep": "",
    "endereco_telefone": "",
    "forma_pagamento": "",
    "total": "0.00"
  }
},
{
  "model": "nucleo.pedido",
  "pk": 6,
  "fields": {
    "usuario": 9,
    "criado_em": "2025-12-04T17:47:45.227Z",
    "finalizado": false,
    "endereco_destinatario": "",
    "endereco_rua": "",
    "endereco_numero": "",
    "endereco_complemento": "",
    "endereco_bairro": "",
    "endereco_cidade": "",
    "endereco_estado": "",
    "endereco_cep": "",
    "endereco_telefone": "",
    "forma_pagamento": "",
    "total": "0.00"
  }
},
{
  "model": "nucleo.pedido",
  "pk": 7,
  "fields": {
    "usuario": 10,
    "criado_em": "2025-12-04T19:53:40.852Z",
    "finalizado": false,
    "endereco_destinatario": "",
    "endereco_rua": "",
    "endereco_numero": "",
    "endereco_complemento": "",
    "endereco_bairro": "",
    "endereco_cidade": "",
    "endereco_estado": "",
    "endereco_cep": "",
    "endereco_telefone": "",
    "forma_pagamento": "",
    "total": "0.00"
  }
},
{
  "model": "nucleo.pedido",
  "pk": 8,
  "fields": {
    "usuario": 10,
    "criado_em": "2025-12-06T19:08:43.804Z",
    "finalizado": false,
    "endereco_destinatario": "",
    "endereco_rua": "",
    "endereco_numero": "",
    "endereco_complemento": "",
    "endereco_bairro": "",
    "endereco_cidade": "",
    "endereco_estado": "",
    "endereco_cep": "",
    "endereco_telefone": "",
    "forma_pagamento": "",
    "total": "0.00"
  }
},
{
  "model": "nucleo.pedido",
  "pk": 9,
  "fields": {
    "usuario": 10,
    "criado_em": "2025-12-06T19:15:17.288Z",
    "finalizado": true,
    "endereco_destinatario": "Lucas",
    "endereco_rua": "Quadra",
    "endereco_numero": "803",
    "endereco_complemento": "Conjunto 22",
    "endereco_bairro": "Recanto Das Emas",
    "endereco_cidade": "BrasÝlia",
    "endereco_estado": "DF",
    "endereco_cep": "72650515",
    "endereco_telefone": "61998508516",
    "forma_pagamento": "pix",
    "total": "100.00"
  }
},
{
  "model": "nucleo.pedido",
  "pk": 10,
  "fields": {
    "usuario": 10,
    "criado_em": "2025-12-09T20:27:35.613Z",
    "finalizado": true,
    "endereco_destinatario": "Lucas",
    "endereco_rua": "Quadra",
    "endereco_numero": "803",
    "endereco_complemento": "Conjunto 22",
    "endereco_bairro": "Recanto Das Emas",
    "endereco_cidade": "BrasÝlia",
    "endereco_estado": "DF",
    "endereco_cep": "72650515",
    "endereco_telefone": "61998508516",
    "forma_pagamento": "debito",
    "total": "279.00"
  }
},
{
  "model": "nucleo.pedido",
  "pk": 11,
  "fields": {
    "usuario": 10,
    "criado_em": "2025-12-10T02:11:32.831Z",
    "finalizado": true,
    "endereco_destinatario": "Lucas",
    "endereco_rua": "Quadra",
    "endereco_numero": "803",
    "endereco_complemento": "Conjunto 22",
    "endereco_bairro": "Recanto Das Emas",
    "endereco_cidade": "BrasÝlia",
    "endereco_estado": "DF",
    "endereco_cep": "72650515",
    "endereco_telefone": "61998508516",
    "forma_pagamento": "credito",
    "total": "13.00"
  }
},
{
  "model": "nucleo.pedido",
  "pk": 12,
  "fields": {
    "usuario": 10,
    "criado_em": "2025-12-10T04:27:43.247Z",
    "finalizado": true,
    "endereco_destinatario": "Lucas",
    "endereco_rua": "Quadra",
    "endereco_numero": "803",
    "endereco_complemento": "Conjunto 22",
    "endereco_bairro": "Recanto Das Emas",
    "endereco_cidade": "BrasÝlia",
    "endereco_estado": "DF",
    "endereco_cep": "72650515",
    "endereco_telefone": "61998508516",
    "forma_pagamento": "pix",
    "total": "15.00"
  }
},
{
  "model": "nucleo.pedido",
  "pk": 13,
  "fields": {
    "usuario": 10,
    "criado_em": "2025-12-10T16:38:48.330Z",
    "finalizado": true,
    "endereco_destinatario": "Lucas",
    "endereco_rua": "Quadra",
    "endereco_numero": "803",
    "endereco_complemento": "Conjunto 22",
    "endereco_bairro": "Recanto Das Emas",
    "endereco_cidade": "BrasÝlia",
    "endereco_estado": "DF",
    "endereco_cep": "72650515",
    "endereco_telefone": "61998508516",
    "forma_pagamento": "pix",
    "total": "151.00"
  }
},
{
  "model": "nucleo.pedido",
  "pk": 14,
  "fields": {
    "usuario": 10,
    "criado_em": "2025-12-11T14:20:42.918Z",
    "finalizado": true,
    "endereco_destinatario": "Lucas",
    "endereco_rua": "Quadra",
    "endereco_numero": "803",
    "endereco_complemento": "Conjunto 22",
    "endereco_bairro": "Recanto Das Emas",
    "endereco_cidade": "BrasÝlia",
    "endereco_estado": "DF",
    "endereco_cep": "72650515",
    "endereco_telefone": "61999999999",
    "forma_pagamento": "pix",
    "total": "30.00"
  }
},
{
  "model": "nucleo.itempedido",
  "pk": 9,
  "fields": {
    "pedido": 7,
    "produto": 41,
    "quantidade": 1,
    "preco_unitario": "123.00"
  }
},
{
  "model": "nucleo.itempedido",
  "pk": 10,
  "fields": {
    "pedido": 8,
    "produto": 44,
    "quantidade": 1,
    "preco_unitario": "100.00"
  }
},
{
  "model": "nucleo.itempedido",
  "pk": 11,
  "fields": {
    "pedido": 9,
    "produto": 44,
    "quantidade": 1,
    "preco_unitario": "100.00"
  }
},
{
  "model": "nucleo.itempedido",
  "pk": 12,
  "fields": {
    "pedido": 10,
    "produto": 42,
    "quantidade": 2,
    "preco_unitario": "15.00"
  }
},
{
  "model": "nucleo.itempedido",
  "pk": 13,
  "fields": {
    "pedido": 10,
    "produto": 41,
    "quantidade": 1,
    "preco_unitario": "123.00"
  }
},
{
  "model": "nucleo.itempedido",
  "pk": 14,
  "fields": {
    "pedido": 10,
    "produto": 43,
    "quantidade": 2,
    "preco_unitario": "13.00"
  }
},
{
  "model": "nucleo.itempedido",
  "pk": 15,
  "fields": {
    "pedido": 10,
    "produto": 44,
    "quantidade": 1,
    "preco_unitario": "100.00"
  }
},
{
  "model": "nucleo.itempedido",
  "pk": 16,
  "fields": {
    "pedido": 11,
    "produto": 43,
    "quantidade": 1,
    "preco_unitario": "13.00"
  }
},
{
  "model": "nucleo.itempedido",
  "pk": 17,
  "fields": {
    "pedido": 12,
    "produto": 42,
    "quantidade": 1,
    "preco_unitario": "15.00"
  }
},
{
  "model": "nucleo.itempedido",
  "pk": 18,
  "fields": {
    "pedido": 13,
    "produto": 42,
    "quantidade": 1,
    "preco_unitario": "15.00"
  }
},
{
  "model": "nucleo.itempedido",
  "pk": 19,
  "fields": {
    "pedido": 13,
    "produto": 43,
    "quantidade": 1,
    "preco_unitario": "13.00"
  }
},
{
  "model": "nucleo.itempedido",
  "pk": 20,
  "fields": {
    "pedido": 13,
    "produto": 41,
    "quantidade": 1,
    "preco_unitario": "123.00"
  }
},
{
  "model": "usuarios.perfil",
  "pk": 1,
  "fields": {
    "user": 5,
    "display_name": "",
    "first_name": "",
    "last_name": "",
    "birth_date": null,
    "gender": "",
    "cpf": "",
    "rg": "",
    "document_type": "",
    "tax_id": "",
    "phone": "",
    "phone_verified": false,
    "secondary_email": "",
    "preferred_contact_method": "",
    "language": "pt-BR",
    "currency": "BRL",
    "newsletter_subscribed": false,
    "marketing_opt_in": false,
    "favorite_categories": "",
    "favorite_brands": "",
    "display_prices_with_tax": false,
    "receive_back_in_stock_alerts": true,
    "share_profile_with_community": false,
    "avatar_url": "",
    "bio": "",
    "social_links": "",
    "preferred_display_style": "username",
    "profile_visibility": "public",
    "show_order_history_public": false,
    "wishlist": "",
    "favorites": "",
    "followers_count": 0,
    "following_count": 0,
    "achievement_points": 0,
    "badges": "",
    "terms_accepted": false,
    "terms_accepted_at": null,
    "privacy_policy_accepted": false,
    "privacy_policy_accepted_at": null,
    "marketing_consent": null,
    "cookie_preferences": "",
    "data_deletion_request": false,
    "data_deletion_request_at": null,
    "data_export_request": false,
    "data_export_request_at": null,
    "is_admin": false,
    "is_staff": false,
    "account_status": "active",
    "moderation_notes": "",
    "created_at": "2025-09-26T17:30:52.260Z",
    "updated_at": "2025-09-26T17:30:52.284Z",
    "last_login_at": null,
    "last_order_at": null,
    "preferred_device": "",
    "signup_source": "",
    "oauth_provider": "",
    "oauth_provider_id": "",
    "payment_gateway_customer_id": "",
    "shipping_provider_customer_ref": "",
    "favorite_franchises": "",
    "shirt_size": "",
    "shoe_size": "",
    "collector_preferences": "",
    "age_for_collectibles": null,
    "want_notifications_for_new_releases": true,
    "preorder_opt_in": false
  }
},
{
  "model": "usuarios.perfil",
  "pk": 2,
  "fields": {
    "user": 3,
    "display_name": "Sla",
    "first_name": "dsadsa",
    "last_name": "dsw3r",
    "birth_date": null,
    "gender": "",
    "cpf": "",
    "rg": "",
    "document_type": "",
    "tax_id": "",
    "phone": "61993968979",
    "phone_verified": false,
    "secondary_email": "",
    "preferred_contact_method": "",
    "language": "pt-BR",
    "currency": "BRL",
    "newsletter_subscribed": false,
    "marketing_opt_in": false,
    "favorite_categories": "",
    "favorite_brands": "",
    "display_prices_with_tax": false,
    "receive_back_in_stock_alerts": true,
    "share_profile_with_community": false,
    "avatar_url": "",
    "bio": "dsafasd",
    "social_links": "",
    "preferred_display_style": "username",
    "profile_visibility": "public",
    "show_order_history_public": false,
    "wishlist": "",
    "favorites": "",
    "followers_count": 0,
    "following_count": 0,
    "achievement_points": 0,
    "badges": "",
    "terms_accepted": false,
    "terms_accepted_at": null,
    "privacy_policy_accepted": false,
    "privacy_policy_accepted_at": null,
    "marketing_consent": null,
    "cookie_preferences": "",
    "data_deletion_request": false,
    "data_deletion_request_at": null,
    "data_export_request": false,
    "data_export_request_at": null,
    "is_admin": false,
    "is_staff": false,
    "account_status": "active",
    "moderation_notes": "",
    "created_at": "2025-09-26T17:33:29.068Z",
    "updated_at": "2025-11-18T18:20:46.510Z",
    "last_login_at": "2025-11-18T18:20:46.510Z",
    "last_order_at": null,
    "preferred_device": "",
    "signup_source": "",
    "oauth_provider": "",
    "oauth_provider_id": "",
    "payment_gateway_customer_id": "",
    "shipping_provider_customer_ref": "",
    "favorite_franchises": "",
    "shirt_size": "",
    "shoe_size": "",
    "collector_preferences": "",
    "age_for_collectibles": null,
    "want_notifications_for_new_releases": true,
    "preorder_opt_in": false
  }
},
{
  "model": "usuarios.perfil",
  "pk": 3,
  "fields": {
    "user": 6,
    "display_name": "",
    "first_name": "",
    "last_name": "",
    "birth_date": null,
    "gender": "",
    "cpf": "",
    "rg": "",
    "document_type": "",
    "tax_id": "",
    "phone": "",
    "phone_verified": false,
    "secondary_email": "",
    "preferred_contact_method": "",
    "language": "pt-BR",
    "currency": "BRL",
    "newsletter_subscribed": false,
    "marketing_opt_in": false,
    "favorite_categories": "",
    "favorite_brands": "",
    "display_prices_with_tax": false,
    "receive_back_in_stock_alerts": true,
    "share_profile_with_community": false,
    "avatar_url": "",
    "bio": "",
    "social_links": "",
    "preferred_display_style": "username",
    "profile_visibility": "public",
    "show_order_history_public": false,
    "wishlist": "",
    "favorites": "",
    "followers_count": 0,
    "following_count": 0,
    "achievement_points": 0,
    "badges": "",
    "terms_accepted": false,
    "terms_accepted_at": null,
    "privacy_policy_accepted": false,
    "privacy_policy_accepted_at": null,
    "marketing_consent": null,
    "cookie_preferences": "",
    "data_deletion_request": false,
    "data_deletion_request_at": null,
    "data_export_request": false,
    "data_export_request_at": null,
    "is_admin": false,
    "is_staff": false,
    "account_status": "active",
    "moderation_notes": "",
    "created_at": "2025-09-29T18:20:16.880Z",
    "updated_at": "2025-09-29T18:20:16.917Z",
    "last_login_at": null,
    "last_order_at": null,
    "preferred_device": "",
    "signup_source": "",
    "oauth_provider": "",
    "oauth_provider_id": "",
    "payment_gateway_customer_id": "",
    "shipping_provider_customer_ref": "",
    "favorite_franchises": "",
    "shirt_size": "",
    "shoe_size": "",
    "collector_preferences": "",
    "age_for_collectibles": null,
    "want_notifications_for_new_releases": true,
    "preorder_opt_in": false
  }
},
{
  "model": "usuarios.perfil",
  "pk": 4,
  "fields": {
    "user": 7,
    "display_name": "",
    "first_name": "",
    "last_name": "",
    "birth_date": null,
    "gender": "",
    "cpf": "",
    "rg": "",
    "document_type": "",
    "tax_id": "",
    "phone": "",
    "phone_verified": false,
    "secondary_email": "",
    "preferred_contact_method": "",
    "language": "pt-BR",
    "currency": "BRL",
    "newsletter_subscribed": false,
    "marketing_opt_in": false,
    "favorite_categories": "",
    "favorite_brands": "",
    "display_prices_with_tax": false,
    "receive_back_in_stock_alerts": true,
    "share_profile_with_community": false,
    "avatar_url": "",
    "bio": "",
    "social_links": "",
    "preferred_display_style": "username",
    "profile_visibility": "public",
    "show_order_history_public": false,
    "wishlist": "",
    "favorites": "",
    "followers_count": 0,
    "following_count": 0,
    "achievement_points": 0,
    "badges": "",
    "terms_accepted": false,
    "terms_accepted_at": null,
    "privacy_policy_accepted": false,
    "privacy_policy_accepted_at": null,
    "marketing_consent": null,
    "cookie_preferences": "",
    "data_deletion_request": false,
    "data_deletion_request_at": null,
    "data_export_request": false,
    "data_export_request_at": null,
    "is_admin": false,
    "is_staff": false,
    "account_status": "active",
    "moderation_notes": "",
    "created_at": "2025-10-21T17:54:35.730Z",
    "updated_at": "2025-10-31T19:19:37.888Z",
    "last_login_at": "2025-10-31T19:19:37.888Z",
    "last_order_at": null,
    "preferred_device": "",
    "signup_source": "",
    "oauth_provider": "",
    "oauth_provider_id": "",
    "payment_gateway_customer_id": "",
    "shipping_provider_customer_ref": "",
    "favorite_franchises": "",
    "shirt_size": "",
    "shoe_size": "",
    "collector_preferences": "",
    "age_for_collectibles": null,
    "want_notifications_for_new_releases": true,
    "preorder_opt_in": false
  }
},
{
  "model": "usuarios.perfil",
  "pk": 5,
  "fields": {
    "user": 8,
    "display_name": "",
    "first_name": "",
    "last_name": "",
    "birth_date": null,
    "gender": "",
    "cpf": "",
    "rg": "",
    "document_type": "",
    "tax_id": "",
    "phone": "",
    "phone_verified": false,
    "secondary_email": "",
    "preferred_contact_method": "",
    "language": "pt-BR",
    "currency": "BRL",
    "newsletter_subscribed": false,
    "marketing_opt_in": false,
    "favorite_categories": "",
    "favorite_brands": "",
    "display_prices_with_tax": false,
    "receive_back_in_stock_alerts": true,
    "share_profile_with_community": false,
    "avatar_url": "",
    "bio": "",
    "social_links": "",
    "preferred_display_style": "username",
    "profile_visibility": "public",
    "show_order_history_public": false,
    "wishlist": "",
    "favorites": "",
    "followers_count": 0,
    "following_count": 0,
    "achievement_points": 0,
    "badges": "",
    "terms_accepted": false,
    "terms_accepted_at": null,
    "privacy_policy_accepted": false,
    "privacy_policy_accepted_at": null,
    "marketing_consent": null,
    "cookie_preferences": "",
    "data_deletion_request": false,
    "data_deletion_request_at": null,
    "data_export_request": false,
    "data_export_request_at": null,
    "is_admin": false,
    "is_staff": false,
    "account_status": "active",
    "moderation_notes": "",
    "created_at": "2025-11-11T19:59:06.702Z",
    "updated_at": "2025-11-11T20:03:49.081Z",
    "last_login_at": null,
    "last_order_at": null,
    "preferred_device": "",
    "signup_source": "",
    "oauth_provider": "",
    "oauth_provider_id": "",
    "payment_gateway_customer_id": "",
    "shipping_provider_customer_ref": "",
    "favorite_franchises": "",
    "shirt_size": "",
    "shoe_size": "",
    "collector_preferences": "",
    "age_for_collectibles": null,
    "want_notifications_for_new_releases": true,
    "preorder_opt_in": false
  }
},
{
  "model": "usuarios.perfil",
  "pk": 6,
  "fields": {
    "user": 9,
    "display_name": "",
    "first_name": "",
    "last_name": "",
    "birth_date": null,
    "gender": "",
    "cpf": "",
    "rg": "",
    "document_type": "",
    "tax_id": "",
    "phone": "",
    "phone_verified": false,
    "secondary_email": "",
    "preferred_contact_method": "",
    "language": "pt-BR",
    "currency": "BRL",
    "newsletter_subscribed": false,
    "marketing_opt_in": false,
    "favorite_categories": "",
    "favorite_brands": "",
    "display_prices_with_tax": false,
    "receive_back_in_stock_alerts": true,
    "share_profile_with_community": false,
    "avatar_url": "",
    "bio": "",
    "social_links": "",
    "preferred_display_style": "username",
    "profile_visibility": "public",
    "show_order_history_public": false,
    "wishlist": "",
    "favorites": "",
    "followers_count": 0,
    "following_count": 0,
    "achievement_points": 0,
    "badges": "",
    "terms_accepted": false,
    "terms_accepted_at": null,
    "privacy_policy_accepted": false,
    "privacy_policy_accepted_at": null,
    "marketing_consent": null,
    "cookie_preferences": "",
    "data_deletion_request": false,
    "data_deletion_request_at": null,
    "data_export_request": false,
    "data_export_request_at": null,
    "is_admin": false,
    "is_staff": false,
    "account_status": "active",
    "moderation_notes": "",
    "created_at": "2025-12-04T17:47:35.529Z",
    "updated_at": "2025-12-06T17:45:01.720Z",
    "last_login_at": "2025-12-06T17:45:01.720Z",
    "last_order_at": null,
    "preferred_device": "",
    "signup_source": "",
    "oauth_provider": "",
    "oauth_provider_id": "",
    "payment_gateway_customer_id": "",
    "shipping_provider_customer_ref": "",
    "favorite_franchises": "",
    "shirt_size": "",
    "shoe_size": "",
    "collector_preferences": "",
    "age_for_collectibles": null,
    "want_notifications_for_new_releases": true,
    "preorder_opt_in": false
  }
},
{
  "model": "usuarios.perfil",
  "pk": 7,
  "fields": {
    "user": 10,
    "display_name": "Morales admin",
    "first_name": "Lucas",
    "last_name": "",
    "birth_date": null,
    "gender": "",
    "cpf": "",
    "rg": "",
    "document_type": "",
    "tax_id": "",
    "phone": "",
    "phone_verified": false,
    "secondary_email": "",
    "preferred_contact_method": "",
    "language": "pt-BR",
    "currency": "BRL",
    "newsletter_subscribed": false,
    "marketing_opt_in": false,
    "favorite_categories": "",
    "favorite_brands": "",
    "display_prices_with_tax": false,
    "receive_back_in_stock_alerts": true,
    "share_profile_with_community": false,
    "avatar_url": "/media/avatars/2c7bc3d2-417e-46bb-980e-68b1644c931d.jpeg",
    "bio": "",
    "social_links": "",
    "preferred_display_style": "username",
    "profile_visibility": "public",
    "show_order_history_public": false,
    "wishlist": "",
    "favorites": "",
    "followers_count": 0,
    "following_count": 0,
    "achievement_points": 0,
    "badges": "",
    "terms_accepted": false,
    "terms_accepted_at": null,
    "privacy_policy_accepted": false,
    "privacy_policy_accepted_at": null,
    "marketing_consent": null,
    "cookie_preferences": "",
    "data_deletion_request": false,
    "data_deletion_request_at": null,
    "data_export_request": false,
    "data_export_request_at": null,
    "is_admin": false,
    "is_staff": false,
    "account_status": "active",
    "moderation_notes": "",
    "created_at": "2025-12-04T18:22:55.805Z",
    "updated_at": "2025-12-11T14:21:51.641Z",
    "last_login_at": "2025-12-11T14:19:15.917Z",
    "last_order_at": null,
    "preferred_device": "",
    "signup_source": "",
    "oauth_provider": "",
    "oauth_provider_id": "",
    "payment_gateway_customer_id": "",
    "shipping_provider_customer_ref": "",
    "favorite_franchises": "",
    "shirt_size": "",
    "shoe_size": "",
    "collector_preferences": "",
    "age_for_collectibles": null,
    "want_notifications_for_new_releases": true,
    "preorder_opt_in": false
  }
},
{
  "model": "usuarios.perfil",
  "pk": 8,
  "fields": {
    "user": 11,
    "display_name": "",
    "first_name": "",
    "last_name": "",
    "birth_date": null,
    "gender": "",
    "cpf": "",
    "rg": "",
    "document_type": "",
    "tax_id": "",
    "phone": "",
    "phone_verified": false,
    "secondary_email": "",
    "preferred_contact_method": "",
    "language": "pt-BR",
    "currency": "BRL",
    "newsletter_subscribed": false,
    "marketing_opt_in": false,
    "favorite_categories": "",
    "favorite_brands": "",
    "display_prices_with_tax": false,
    "receive_back_in_stock_alerts": true,
    "share_profile_with_community": false,
    "avatar_url": "",
    "bio": "",
    "social_links": "",
    "preferred_display_style": "username",
    "profile_visibility": "public",
    "show_order_history_public": false,
    "wishlist": "",
    "favorites": "",
    "followers_count": 0,
    "following_count": 0,
    "achievement_points": 0,
    "badges": "",
    "terms_accepted": false,
    "terms_accepted_at": null,
    "privacy_policy_accepted": false,
    "privacy_policy_accepted_at": null,
    "marketing_consent": null,
    "cookie_preferences": "",
    "data_deletion_request": false,
    "data_deletion_request_at": null,
    "data_export_request": false,
    "data_export_request_at": null,
    "is_admin": false,
    "is_staff": false,
    "account_status": "active",
    "moderation_notes": "",
    "created_at": "2025-12-09T20:28:17.361Z",
    "updated_at": "2025-12-10T01:12:21.282Z",
    "last_login_at": "2025-12-10T01:12:21.282Z",
    "last_order_at": null,
    "preferred_device": "",
    "signup_source": "",
    "oauth_provider": "",
    "oauth_provider_id": "",
    "payment_gateway_customer_id": "",
    "shipping_provider_customer_ref": "",
    "favorite_franchises": "",
    "shirt_size": "",
    "shoe_size": "",
    "collector_preferences": "",
    "age_for_collectibles": null,
    "want_notifications_for_new_releases": true,
    "preorder_opt_in": false
  }
},
{
  "model": "usuarios.perfil",
  "pk": 9,
  "fields": {
    "user": 12,
    "display_name": "",
    "first_name": "",
    "last_name": "",
    "birth_date": null,
    "gender": "",
    "cpf": "",
    "rg": "",
    "document_type": "",
    "tax_id": "",
    "phone": "",
    "phone_verified": false,
    "secondary_email": "",
    "preferred_contact_method": "",
    "language": "pt-BR",
    "currency": "BRL",
    "newsletter_subscribed": false,
    "marketing_opt_in": false,
    "favorite_categories": "",
    "favorite_brands": "",
    "display_prices_with_tax": false,
    "receive_back_in_stock_alerts": true,
    "share_profile_with_community": false,
    "avatar_url": "",
    "bio": "",
    "social_links": "",
    "preferred_display_style": "username",
    "profile_visibility": "public",
    "show_order_history_public": false,
    "wishlist": "",
    "favorites": "",
    "followers_count": 0,
    "following_count": 0,
    "achievement_points": 0,
    "badges": "",
    "terms_accepted": false,
    "terms_accepted_at": null,
    "privacy_policy_accepted": false,
    "privacy_policy_accepted_at": null,
    "marketing_consent": null,
    "cookie_preferences": "",
    "data_deletion_request": false,
    "data_deletion_request_at": null,
    "data_export_request": false,
    "data_export_request_at": null,
    "is_admin": false,
    "is_staff": false,
    "account_status": "active",
    "moderation_notes": "",
    "created_at": "2025-12-10T01:22:26.473Z",
    "updated_at": "2025-12-10T01:22:43.330Z",
    "last_login_at": null,
    "last_order_at": null,
    "preferred_device": "",
    "signup_source": "",
    "oauth_provider": "",
    "oauth_provider_id": "",
    "payment_gateway_customer_id": "",
    "shipping_provider_customer_ref": "",
    "favorite_franchises": "",
    "shirt_size": "",
    "shoe_size": "",
    "collector_preferences": "",
    "age_for_collectibles": null,
    "want_notifications_for_new_releases": true,
    "preorder_opt_in": false
  }
},
{
  "model": "usuarios.endereco",
  "pk": 1,
  "fields": {
    "perfil": 9,
    "label": "casa",
    "recipient_name": "Lucas",
    "street": "Quadra",
    "number": "803",
    "complement": "Conjunto 22",
    "neighborhood": "Recanto Das Emas",
    "city": "BrasÝlia",
    "state": "DF",
    "country": "Brasil",
    "postal_code": "72650515",
    "phone_at_address": "61999999999",
    "is_default_shipping": true,
    "is_default_billing": false,
    "address_geolocation": "",
    "created_at": "2025-12-10T01:47:34.174Z",
    "updated_at": "2025-12-10T01:47:41.336Z"
  }
},
{
  "model": "usuarios.endereco",
  "pk": 2,
  "fields": {
    "perfil": 7,
    "label": "casa",
    "recipient_name": "Lucas",
    "street": "Quadra",
    "number": "803",
    "complement": "Conjunto 22",
    "neighborhood": "Recanto Das Emas",
    "city": "BrasÝlia",
    "state": "DF",
    "country": "Brasil",
    "postal_code": "72650515",
    "phone_at_address": "61999999999",
    "is_default_shipping": false,
    "is_default_billing": false,
    "address_geolocation": "",
    "created_at": "2025-12-10T02:21:37.758Z",
    "updated_at": "2025-12-10T02:21:37.758Z"
  }
},
{
  "model": "usuarios.notificacao",
  "pk": 1,
  "fields": {
    "perfil": 1,
    "order_updates": true,
    "promos": true,
    "back_in_stock": true,
    "reviews": true,
    "system": true,
    "sms_opt_in": false,
    "push_notifications_enabled": true
  }
},
{
  "model": "usuarios.notificacao",
  "pk": 2,
  "fields": {
    "perfil": 3,
    "order_updates": true,
    "promos": true,
    "back_in_stock": true,
    "reviews": true,
    "system": true,
    "sms_opt_in": false,
    "push_notifications_enabled": true
  }
},
{
  "model": "usuarios.notificacao",
  "pk": 3,
  "fields": {
    "perfil": 4,
    "order_updates": true,
    "promos": true,
    "back_in_stock": true,
    "reviews": true,
    "system": true,
    "sms_opt_in": false,
    "push_notifications_enabled": true
  }
},
{
  "model": "usuarios.notificacao",
  "pk": 4,
  "fields": {
    "perfil": 5,
    "order_updates": true,
    "promos": true,
    "back_in_stock": true,
    "reviews": true,
    "system": true,
    "sms_opt_in": false,
    "push_notifications_enabled": true
  }
},
{
  "model": "usuarios.notificacao",
  "pk": 5,
  "fields": {
    "perfil": 6,
    "order_updates": true,
    "promos": true,
    "back_in_stock": true,
    "reviews": true,
    "system": true,
    "sms_opt_in": false,
    "push_notifications_enabled": true
  }
},
{
  "model": "usuarios.notificacao",
  "pk": 6,
  "fields": {
    "perfil": 7,
    "order_updates": true,
    "promos": true,
    "back_in_stock": true,
    "reviews": true,
    "system": true,
    "sms_opt_in": false,
    "push_notifications_enabled": true
  }
},
{
  "model": "usuarios.notificacao",
  "pk": 7,
  "fields": {
    "perfil": 8,
    "order_updates": true,
    "promos": true,
    "back_in_stock": true,
    "reviews": true,
    "system": true,
    "sms_opt_in": false,
    "push_notifications_enabled": true
  }
},
{
  "model": "usuarios.notificacao",
  "pk": 8,
  "fields": {
    "perfil": 9,
    "order_updates": true,
    "promos": true,
    "back_in_stock": true,
    "reviews": true,
    "system": true,
    "sms_opt_in": false,
    "push_notifications_enabled": true
  }
}
]
